used,pack,easting,northing,elevation,deerwin
1,Bow valley,588900,5670800,1402,5
1,Bow valley,567700,5686600,1498,4
1,Bow valley,587500,5672700,1402,5
1,Bow valley,588100,5671500,1402,5
1,Bow valley,558477,5697212,1587,4
1,Bow valley,586000,5674300,1402,5
1,Bow valley,578950,5679200,1433,4
1,Bow valley,588150,5671250,1402,5
1,Bow valley,588155,5672074,1405,5
1,Bow valley,584800,5675700,1404,6
1,Bow valley,584800,5674850,1402,5
1,Bow valley,584600,5674800,1402,5
1,Bow valley,582400,5675950,1428,5
1,Bow valley,568250,5685100,1476,4
1,Bow valley,590500,5669600,1406,5
1,Bow valley,585190,5674900,1402,5
1,Bow valley,585750,5676250,1536,5
1,Bow valley,585150,5676250,1435,6
1,Bow valley,587350,5671500,1403,4
1,Bow valley,569250,5684250,1485,4
1,Bow valley,577000,5679350,1433,3
1,Bow valley,587580,5673950,1503,6
1,Bow valley,577500,5679200,1433,4
1,Bow valley,588050,5673130,1494,6
1,Bow valley,586500,5673200,1402,5
1,Bow valley,582700,5676600,1458,6
1,Bow valley,585440,5674890,1402,6
1,Bow valley,586100,5677050,1949,4
1,Bow valley,585150,5676700,1499,4
1,Bow valley,587700,5671860,1402,5
1,Bow valley,584100,5675400,1402,5
1,Bow valley,575500,5680500,1459,4
1,Bow valley,582200,5676400,1432,5
1,Bow valley,582900,5676100,1437,6
1,Bow valley,588200,5673100,1543,6
1,Bow valley,582200,5675850,1420,5
1,Bow valley,584900,5675850,1410,6
1,Bow valley,584800,5676200,1422,6
1,Bow valley,586800,5672050,1402,4
1,Bow valley,584800,5676050,1415,6
1,Bow valley,589400,5669300,1402,5
1,Bow valley,578850,5679350,1446,4
1,Bow valley,577200,5678950,1433,3
1,Bow valley,573450,5681500,1440,4
1,Bow valley,582400,5675900,1426,5
1,Bow valley,582150,5676100,1430,5
1,Bow valley,583600,5676400,1434,6
1,Bow valley,585600,5675800,1447,5
1,Bow valley,584800,5676370,1465,6
1,Bow valley,580000,5677300,1420,5
1,Bow valley,585200,5676000,1420,6
1,Bow valley,574300,5681150,1443,3
1,Bow valley,579600,5678400,1432,5
1,Bow valley,585400,5676300,1472,5
1,Bow valley,582450,5675700,1419,5
1,Bow valley,583900,5675600,1419,6
1,Bow valley,585400,5674600,1402,5
1,Bow valley,579051,5678956,1433,4
1,Bow valley,573600,5681700,1441,4
1,Bow valley,582950,5676250,1443,6
1,Bow valley,584300,5675500,1402,6
1,Bow valley,582300,5676700,1450,6
1,Bow valley,584800,5676500,1505,6
1,Bow valley,584800,5676850,1537,4
1,Bow valley,585560,5675200,1417,5
1,Bow valley,584100,5677000,1563,6
1,Bow valley,584890,5675900,1411,6
1,Bow valley,589658,5670521,1417,5
1,Bow valley,584800,5676300,1433,6
1,Bow valley,585000,5676600,1502,6
1,Bow valley,585922,5674697,1402,6
1,Bow valley,578750,5679500,1471,4
1,Bow valley,578700,5679600,1473,4
1,Bow valley,584158,5675434,1402,5
1,Bow valley,585700,5674700,1402,6
1,Bow valley,588500,5673500,1772,4
1,Bow valley,584850,5675250,1402,6
1,Bow valley,578850,5679200,1436,4
1,Bow valley,578800,5679170,1438,4
1,Bow valley,573611,5681700,1441,4
1,Bow valley,573870,5681130,1437,4
1,Bow valley,585000,5675600,1403,6
1,Bow valley,578500,5679250,1463,4
1,Bow valley,585470,5674750,1402,6
1,Bow valley,585600,5675300,1425,5
1,Bow valley,573400,5681500,1440,4
1,Bow valley,585300,5674100,1402,5
1,Bow valley,582800,5676400,1452,6
1,Bow valley,588900,5671350,1402,4
1,Bow valley,578500,5679800,1481,4
1,Bow valley,567900,5685700,1492,4
1,Bow valley,585400,5674700,1402,6
1,Bow valley,585100,5674200,1402,5
1,Bow valley,558900,5696500,1585,4
1,Bow valley,556600,5696600,1584,4
1,Bow valley,577950,5679100,1433,4
1,Bow valley,577700,5678400,1433,4
1,Bow valley,583500,5677050,1488,6
1,Bow valley,583900,5677500,1730,5
1,Bow valley,584900,5676000,1412,6
1,Bow valley,583170,5677480,1547,6
1,Bow valley,584600,5675600,1402,6
1,Bow valley,584600,5675600,1402,6
1,Bow valley,584600,5675600,1402,6
1,Bow valley,585477,5674985,1407,6
1,Bow valley,584900,5675800,1409,6
1,Bow valley,584650,5675650,1403,6
1,Bow valley,582150,5677300,1533,6
1,Bow valley,586800,5673150,1402,5
1,Bow valley,576700,5679200,1433,3
1,Bow valley,585150,5674880,1402,5
1,Bow valley,580500,5677500,1431,5
1,Bow valley,588800,5670500,1402,5
1,Bow valley,584750,5675790,1410,6
1,Bow valley,586500,5674950,1469,5
1,Bow valley,585300,5675550,1414,5
1,Bow valley,587200,5674100,1438,5
1,Bow valley,584820,5675950,1414,6
1,Bow valley,583700,5676950,1479,6
1,Bow valley,578690,5678810,1433,5
1,Bow valley,584800,5675800,1411,6
1,Bow valley,584800,5675950,1415,6
1,Bow valley,584800,5676250,1428,6
1,Bow valley,584750,5675900,1416,6
1,Bow valley,584800,5675900,1414,6
1,Bow valley,578730,5678800,1433,5
1,Bow valley,584600,5676600,1524,6
1,Bow valley,578900,5679350,1442,4
1,Bow valley,584150,5675300,1402,5
1,Bow valley,585000,5675950,1412,6
1,Bow valley,588700,5672095,1434,5
1,Bow valley,586770,5673750,1402,5
1,Bow valley,588200,5672500,1448,5
1,Bow valley,587100,5673800,1403,5
1,Bow valley,588025,5672480,1437,5
1,Bow valley,588700,5671750,1406,5
1,Bow valley,586300,5673900,1402,5
1,Bow valley,586500,5674000,1402,5
1,Bow valley,581900,5677000,1433,6
1,Bow valley,588137,5670704,1402,5
1,Bow valley,588200,5672200,1417,5
1,Bow valley,575368,5680385,1451,4
1,Bow valley,576487,5679665,1437,4
1,Bow valley,563750,5691050,1496,4
1,Bow valley,568850,5684950,1495,4
1,Bow valley,578800,5679520,1462,4
1,Bow valley,567000,5687000,1513,4
1,Bow valley,587700,5673400,1446,5
1,Bow valley,587350,5674250,1489,6
1,Bow valley,585200,5676500,1468,6
1,Bow valley,587700,5675550,1869,3
1,Bow valley,585650,5675250,1423,5
1,Bow valley,586550,5673930,1402,5
1,Bow valley,579300,5679400,1433,4
1,Bow valley,590880,5668450,1402,5
1,Bow valley,590075,5670600,1565,6
1,Bow valley,581900,5677200,1438,6
1,Bow valley,581430,5676400,1420,5
1,Bow valley,592500,5665500,1666,4
1,Bow valley,581900,5678000,1614,4
1,Bow valley,588850,5670300,1402,5
1,Bow valley,586500,5673700,1402,5
1,Bow valley,568600,5678700,1808,4
1,Bow valley,574700,5680700,1442,4
1,Bow valley,580100,5678500,1433,4
1,Bow valley,574700,5680600,1438,4
1,Bow valley,565100,5688300,1494,1
1,Bow valley,574450,5680600,1433,4
1,Bow valley,593470,5669550,1402,5
1,Bow valley,584300,5675400,1402,5
1,Bow valley,589100,5671100,1404,4
1,Bow valley,583900,5676600,1436,6
1,Bow valley,583900,5676600,1436,6
1,Bow valley,585000,5676200,1426,6
1,Bow valley,584850,5675800,1409,6
1,Bow valley,588600,5671600,1402,4
1,Bow valley,568950,5685650,1528,4
1,Bow valley,584650,5675700,1406,6
1,Bow valley,568550,5685470,1493,4
1,Bow valley,582315,5677080,1464,6
1,Bow valley,589700,5670400,1403,7
1,Bow valley,575200,5681500,1580,4
1,Bow valley,568400,5685200,1483,4
1,Bow valley,586200,5674050,1402,5
1,Bow valley,579581,5677791,1431,4
1,Bow valley,579600,5677900,1431,4
1,Bow valley,587800,5672100,1402,5
1,Bow valley,588200,5671800,1402,4
1,Bow valley,586300,5673900,1402,5
1,Bow valley,576878,5679496,1433,4
1,Bow valley,603733,5656997,1554,3
1,Bow valley,566300,5690000,1621,4
1,Bow valley,573600,5682000,1460,4
1,Bow valley,585200,5675700,1411,5
1,Bow valley,594750,5668375,1411,5
1,Bow valley,576400,5679300,1433,3
1,Bow valley,580300,5677600,1430,5
1,Bow valley,580391,5678412,1433,5
1,Bow valley,574600,5680900,1446,3
1,Bow valley,586050,5675400,1447,5
1,Bow valley,573100,5681900,1443,4
1,Bow valley,579800,5678850,1433,4
1,Bow valley,585300,5674950,1402,6
1,Bow valley,588250,5671900,1402,5
1,Bow valley,585100,5675600,1406,6
1,Bow valley,584800,5675700,1404,6
1,Bow valley,591700,5669100,1402,5
1,Bow valley,590200,5670700,1629,6
1,Bow valley,583600,5677050,1488,6
1,Bow valley,560900,5693600,1520,4
1,Bow valley,558750,5697800,1613,4
1,Bow valley,570500,5683600,1495,4
1,Bow valley,587500,5673700,1437,5
1,Bow valley,584000,5676800,1510,6
1,Bow valley,586750,5673350,1402,5
1,Bow valley,590100,5669800,1402,5
1,Bow valley,589500,5671300,1546,6
1,Bow valley,578000,5679100,1433,4
1,Bow valley,585000,5675875,1409,6
1,Bow valley,591164,5669422,1428,6
1,Bow valley,590200,5669200,1402,4
1,Bow valley,583685,5676810,1443,6
1,Bow valley,593500,5667600,1512,4
1,Bow valley,592150,5668000,1402,5
1,Bow valley,573375,5681950,1447,3
1,Bow valley,560750,5694350,1520,4
1,Bow valley,593400,5668670,1402,5
1,Bow valley,593075,5669100,1402,5
1,Bow valley,589700,5670900,1519,5
1,Bow valley,589000,5671900,1498,6
1,Bow valley,603720,5660100,1525,4
1,Bow valley,594700,5669900,1402,6
1,Bow valley,568700,5685100,1492,4
1,Bow valley,579800,5678200,1432,5
1,Bow valley,588300,5671450,1402,4
1,Bow valley,583100,5674632,1463,4
1,Bow valley,584050,5676050,1441,6
1,Bow valley,565100,5690800,1608,4
1,Bow valley,576998,5679468,1433,4
1,Bow valley,591300,5669100,1402,5
1,Bow valley,568300,5684700,1473,4
1,Bow valley,576600,5679500,1433,3
1,Bow valley,592600,5668700,1402,5
1,Bow valley,571537,5682950,1462,4
1,Bow valley,585200,5675800,1414,5
1,Bow valley,586800,5673500,1402,5
1,Bow valley,589200,5669700,1402,5
1,Bow valley,569300,5685200,1546,4
1,Bow valley,583460,5676500,1438,6
1,Bow valley,568500,5685750,1506,4
1,Bow valley,584850,5675700,1404,6
1,Bow valley,593025,5670075,1607,4
1,Bow valley,585450,5675440,1421,5
1,Bow valley,587150,5673300,1402,5
1,Bow valley,586800,5674258,1413,5
1,Bow valley,587100,5672300,1402,5
1,Bow valley,603425,5659479,1524,4
1,Bow valley,589550,5670200,1402,5
1,Bow valley,579420,5678340,1432,4
1,Bow valley,578100,5679080,1433,4
1,Bow valley,587650,5671700,1402,7
1,Bow valley,583160,5675380,1404,5
1,Bow valley,585850,5674100,1402,5
1,Bow valley,574100,5678950,1478,4
1,Bow valley,575050,5678900,1496,4
1,Bow valley,588500,5671000,1402,4
1,Bow valley,592400,5669050,1402,5
1,Bow valley,591200,5664700,1577,5
1,Bow valley,592100,5665300,1539,4
1,Bow valley,586490,5672950,1402,5
1,Bow valley,593900,5668100,1439,5
1,Bow valley,596000,5668800,1408,5
1,Bow valley,594900,5669000,1402,5
1,Bow valley,593200,5669400,1402,5
1,Bow valley,586600,5674600,1423,5
1,Bow valley,583042,5677183,1488,6
1,Bow valley,584700,5675000,1402,5
1,Bow valley,588900,5670600,1402,5
1,Bow valley,588600,5673050,1599,6
1,Bow valley,587426,5672697,1402,5
1,Bow valley,585500,5673800,1405,5
1,Bow valley,590200,5669100,1402,4
1,Bow valley,595300,5669200,1402,5
1,Bow valley,583100,5677700,1613,4
1,Bow valley,577900,5678950,1433,4
1,Bow valley,577800,5679100,1433,4
1,Bow valley,569700,5683800,1463,4
1,Bow valley,583700,5675900,1441,6
1,Bow valley,577900,5678950,1433,4
1,Bow valley,591400,5668800,1402,5
1,Bow valley,589800,5669100,1402,5
1,Bow valley,586600,5674400,1404,6
1,Bow valley,588050,5673200,1509,6
1,Bow valley,584700,5675050,1402,5
1,Bow valley,586200,5673500,1402,5
1,Bow valley,573300,5682800,1656,5
1,Bow valley,577800,5678850,1433,4
1,Bow valley,585200,5676300,1440,6
1,Bow valley,587800,5672050,1402,5
1,Bow valley,589150,5670450,1402,7
1,Bow valley,587700,5671800,1402,7
1,Bow valley,587600,5673900,1492,6
1,Bow valley,579200,5678200,1431,4
1,Bow valley,577700,5679050,1433,4
1,Bow valley,577760,5678700,1433,4
1,Bow valley,584050,5675970,1442,6
1,Bow valley,574700,5682000,1627,4
1,Bow valley,584500,5676500,1504,6
1,Bow valley,584550,5676600,1525,6
1,Bow valley,588200,5672300,1427,5
1,Bow valley,589000,5670600,1402,5
1,Bow valley,585750,5675250,1426,5
1,Bow valley,585750,5675100,1415,5
1,Bow valley,591750,5666800,1465,6
1,Red Deer,580840,5724800,1766,4
1,Red Deer,580000,5724195,1788,4
1,Red Deer,579800,5724800,1766,4
1,Red Deer,583803,5725654,1744,4
1,Red Deer,573900,5741316,1993,0
1,Red Deer,588573,5728804,1776,1
1,Red Deer,580785,5724966,1765,4
1,Red Deer,580785,5724966,1765,4
1,Red Deer,583410,5725264,1717,4
1,Red Deer,584234,5725034,1709,3
1,Red Deer,584234,5725034,1709,3
1,Red Deer,583114,5726123,1825,5
1,Red Deer,584350,5725300,1713,4
1,Red Deer,575450,5717684,2005,4
1,Red Deer,558480,5719440,2226,4
1,Red Deer,558480,5719440,2226,4
1,Red Deer,576430,5738410,2172,0
1,Red Deer,576430,5738410,2172,0
1,Red Deer,570610,5710430,2092,4
1,Red Deer,570610,5710430,2092,4
1,Red Deer,559311,5716123,2003,4
1,Red Deer,559311,5716123,2003,4
1,Red Deer,584800,5724900,1711,3
1,Red Deer,584270,5725360,1715,4
1,Red Deer,584050,5725750,1734,4
1,Red Deer,583650,5725850,1769,4
1,Red Deer,576430,5738410,2172,0
1,Red Deer,576430,5738410,2172,0
1,Red Deer,570610,5710430,2092,4
1,Red Deer,570610,5710430,2092,4
1,Red Deer,559311,5716123,2003,4
1,Red Deer,559311,5716123,2003,4
1,Red Deer,559095,5720124,1972,3
1,Red Deer,559145,5713337,1802,4
1,Red Deer,580310,5708450,2174,3
1,Red Deer,580310,5708450,2174,3
1,Red Deer,583630,5725550,1735,5
1,Red Deer,583630,5725550,1735,5
1,Red Deer,583630,5725550,1735,5
1,Red Deer,589450,5728050,1649,3
1,Red Deer,589450,5728050,1649,3
1,Red Deer,589450,5728050,1649,3
1,Red Deer,580168,5722180,2042,3
1,Red Deer,580168,5722180,2042,3
1,Red Deer,580168,5722180,2042,3
1,Red Deer,580168,5722180,2042,3
1,Red Deer,572480,5715500,1876,4
1,Red Deer,572480,5715500,1876,4
1,Red Deer,572480,5715500,1876,4
1,Red Deer,584300,5725300,1713,4
1,Red Deer,584300,5725300,1713,4
1,Red Deer,557315,5702253,1810,4
1,Red Deer,557315,5702253,1810,4
1,Red Deer,557315,5702253,1810,4
1,Red Deer,591431,5719471,2016,4
1,Red Deer,591431,5719471,2016,4
1,Red Deer,591431,5719471,2016,4
1,Red Deer,591431,5719471,2016,4
1,Red Deer,591620,5732570,1850,0
1,Red Deer,591620,5732570,1850,0
1,Red Deer,591620,5732570,1850,0
1,Red Deer,568917,5711084,2036,4
1,Red Deer,568917,5711084,2036,4
1,Red Deer,568917,5711084,2036,4
1,Red Deer,568930,5700560,1872,3
1,Red Deer,568930,5700560,1872,3
1,Red Deer,568930,5700560,1872,3
1,Red Deer,582877,5725542,1743,4
1,Red Deer,582877,5725542,1743,4
1,Red Deer,585060,5740190,2070,0
1,Red Deer,585060,5740190,2070,0
1,Red Deer,555853,5706978,1767,3
1,Red Deer,555853,5706978,1767,3
1,Red Deer,587119,5724053,1926,4
1,Red Deer,587119,5724053,1926,4
1,Red Deer,587119,5724053,1926,4
1,Red Deer,587119,5724053,1926,4
1,Red Deer,605389,5720587,1713,0
1,Red Deer,605389,5720587,1713,0
1,Red Deer,605389,5720587,1713,0
1,Red Deer,592842,5718607,2221,3
1,Red Deer,564800,5690850,1566,4
1,Red Deer,564800,5690850,1566,4
1,Red Deer,559250,5696800,1602,4
1,Red Deer,559250,5696800,1602,4
1,Red Deer,559250,5696800,1602,4
1,Red Deer,562700,5693100,1608,4
1,Red Deer,562700,5693100,1608,4
1,Red Deer,561950,5693400,1568,4
1,Red Deer,561950,5693400,1568,4
1,Red Deer,587160,5721390,2132,3
1,Red Deer,587160,5721390,2132,3
1,Red Deer,587160,5721390,2132,3
1,Bow valley,591350,5668700,1402,5
1,Bow valley,591700,5668800,1402,5
1,Bow valley,562700,5691400,1503,4
1,Bow valley,582200,5677800,1653,4
1,Bow valley,568150,5685150,1478,4
1,Bow valley,574311,5681151,1444,3
0,Bow valley,582064,5677957,1651,4
0,Bow valley,565347,5690894,1609,4
0,Bow valley,582298,5676462,1439,6
0,Bow valley,563598,5689335,1498,4
0,Bow valley,588971,5666762,1933,1
0,Bow valley,557421,5695440,1565,4
0,Bow valley,580909,5672797,1951,1
0,Bow valley,579625,5673173,1718,3
0,Bow valley,577919,5677668,1492,4
0,Bow valley,586976,5667859,2109,1
0,Bow valley,579291,5676914,1507,4
0,Bow valley,579103,5674261,2341,3
0,Bow valley,563641,5692233,1594,4
0,Bow valley,559454,5692367,1704,4
0,Bow valley,574695,5675860,2099,4
0,Bow valley,572382,5685942,2515,3
0,Bow valley,567680,5683415,1516,4
0,Bow valley,586270,5675904,1572,6
0,Bow valley,571181,5684176,1633,4
0,Bow valley,588122,5669750,1488,4
0,Bow valley,560722,5693884,1520,4
0,Bow valley,595825,5666410,1928,4
0,Bow valley,600190,5659675,2057,4
0,Bow valley,570134,5686142,1813,5
0,Bow valley,565451,5690907,1610,4
0,Bow valley,578763,5680055,1472,4
0,Bow valley,559725,5692171,1687,4
0,Bow valley,561832,5693439,1569,4
0,Bow valley,572922,5678484,1584,4
0,Bow valley,567514,5684873,1519,4
0,Bow valley,594676,5665463,2074,1
0,Bow valley,564868,5684962,1729,4
0,Bow valley,564667,5689406,1507,4
0,Bow valley,572379,5684978,2124,4
0,Bow valley,601178,5660522,1782,3
0,Bow valley,597606,5665431,1720,4
0,Bow valley,574368,5679291,1458,4
0,Bow valley,599824,5662963,1728,3
0,Bow valley,574086,5676666,1870,3
0,Bow valley,579867,5675938,1665,4
0,Bow valley,583634,5671133,2019,3
0,Bow valley,561484,5692146,1510,4
0,Bow valley,569756,5681167,1592,4
0,Bow valley,577279,5676536,1922,4
0,Bow valley,598315,5663250,1920,3
0,Bow valley,574041,5681190,1437,4
0,Bow valley,579793,5678570,1432,4
0,Bow valley,600713,5661743,1762,3
0,Bow valley,562233,5690533,1536,4
0,Bow valley,561206,5690532,1639,4
0,Bow valley,581890,5677228,1443,6
0,Bow valley,563068,5694173,1707,4
0,Bow valley,580247,5674362,1868,4
0,Bow valley,583772,5670940,2072,1
0,Bow valley,563257,5693504,1672,4
0,Bow valley,597401,5665002,1817,3
0,Bow valley,587805,5670442,1457,4
0,Bow valley,601118,5659471,1989,1
0,Bow valley,570360,5680670,1609,4
0,Bow valley,563796,5688990,1520,4
0,Bow valley,576023,5683281,2097,4
0,Bow valley,576926,5679746,1464,4
0,Bow valley,599194,5662201,1904,3
0,Bow valley,591198,5667399,1680,4
0,Bow valley,599544,5664789,1754,4
0,Bow valley,587662,5668000,2005,1
0,Bow valley,594581,5668719,1402,5
0,Bow valley,581006,5679716,1626,4
0,Bow valley,574452,5678773,1534,4
0,Bow valley,585875,5673647,1402,5
0,Bow valley,569234,5683503,1463,4
0,Bow valley,565816,5687032,1501,4
0,Bow valley,594186,5666839,1701,3
0,Bow valley,579093,5677423,1427,4
0,Bow valley,572053,5679739,1575,4
0,Bow valley,580327,5679642,1543,4
0,Bow valley,595776,5663822,2430,1
0,Bow valley,571603,5681306,1488,4
0,Bow valley,572648,5686597,2596,1
0,Bow valley,557846,5695442,1550,3
0,Bow valley,585529,5668419,1949,3
0,Bow valley,585608,5675561,1435,5
0,Bow valley,599939,5664054,1759,4
0,Bow valley,563682,5688982,1517,4
0,Bow valley,566218,5684832,1547,4
0,Bow valley,561658,5689224,1715,4
0,Bow valley,574572,5675692,2122,4
0,Bow valley,574380,5681122,1445,3
0,Bow valley,584306,5670058,2226,3
0,Bow valley,594029,5669117,1402,5
0,Bow valley,566063,5685129,1548,4
0,Bow valley,569760,5678691,1727,4
0,Bow valley,559636,5695118,1525,4
0,Bow valley,572183,5687277,2724,1
0,Bow valley,583271,5674890,1414,4
0,Bow valley,603324,5660237,1567,4
0,Bow valley,578332,5678289,1427,4
0,Bow valley,589132,5670890,1404,4
0,Bow valley,576969,5676918,1873,4
0,Bow valley,566478,5682310,1807,4
0,Bow valley,561474,5692693,1513,3
0,Bow valley,577517,5673225,2643,1
0,Bow valley,596770,5667681,1527,4
0,Bow valley,585597,5672575,1481,4
0,Bow valley,591083,5669629,1500,6
0,Bow valley,578752,5676527,1817,5
0,Bow valley,601869,5661885,1866,4
0,Bow valley,594451,5662760,2036,4
0,Bow valley,559189,5696447,1585,4
0,Bow valley,563206,5691364,1524,4
0,Bow valley,565553,5686470,1530,4
0,Bow valley,578947,5675925,2026,4
0,Bow valley,601589,5658647,2164,1
0,Bow valley,598477,5660240,2350,1
0,Bow valley,577851,5678577,1433,4
0,Bow valley,588529,5673131,1569,6
0,Bow valley,581797,5679871,1728,4
0,Bow valley,595425,5664344,2431,1
0,Bow valley,563489,5687769,1646,4
0,Bow valley,571927,5680020,1580,4
0,Bow valley,563590,5689928,1494,4
0,Bow valley,592587,5669156,1402,5
0,Bow valley,602539,5658148,1735,3
0,Bow valley,588833,5667827,1725,5
0,Bow valley,590476,5668079,1463,4
0,Bow valley,575778,5679717,1433,3
0,Bow valley,586153,5668995,2076,3
0,Bow valley,587484,5670454,1537,4
0,Bow valley,580815,5674356,1641,5
0,Bow valley,566193,5688309,1520,4
0,Bow valley,574586,5679477,1448,4
0,Bow valley,586331,5676836,1769,5
0,Bow valley,581132,5673499,1750,5
0,Bow valley,575176,5674865,2164,4
0,Bow valley,578066,5673064,2480,1
0,Bow valley,566877,5684375,1533,4
0,Bow valley,596542,5667664,1517,4
0,Bow valley,593968,5663331,2090,3
0,Bow valley,576264,5678531,1491,4
0,Bow valley,588157,5669259,1503,4
0,Bow valley,563971,5688023,1578,4
0,Bow valley,581829,5672809,2267,3
0,Bow valley,576510,5679197,1433,3
0,Bow valley,585395,5677468,1756,5
0,Bow valley,579993,5675327,1896,1
0,Bow valley,577851,5675962,2053,3
0,Bow valley,587629,5669620,1598,4
0,Bow valley,596608,5664754,2057,4
0,Bow valley,593047,5668832,1402,5
0,Bow valley,570980,5677455,1666,3
0,Bow valley,574528,5677978,1619,4
0,Bow valley,600660,5660053,1876,3
0,Bow valley,585511,5673706,1405,5
0,Bow valley,586650,5676237,1791,5
0,Bow valley,572475,5676327,1985,4
0,Bow valley,574571,5683160,1951,4
0,Bow valley,565043,5685737,1644,4
0,Bow valley,590369,5666559,1794,5
0,Bow valley,581383,5679580,1569,4
0,Bow valley,559581,5695289,1531,4
0,Bow valley,575926,5682133,1762,4
0,Bow valley,573532,5683449,1905,5
0,Bow valley,567491,5682341,1643,4
0,Bow valley,571577,5682663,1457,4
0,Bow valley,573944,5682822,1762,4
0,Bow valley,562834,5693053,1611,4
0,Bow valley,579406,5680078,1492,4
0,Bow valley,589076,5671510,1421,5
0,Bow valley,594128,5664963,2397,1
0,Bow valley,569565,5681908,1509,4
0,Bow valley,571560,5676995,1812,3
0,Bow valley,561893,5694042,1589,4
0,Bow valley,588271,5671882,1402,5
0,Bow valley,578867,5674132,2388,1
0,Bow valley,573053,5677893,1621,4
0,Bow valley,568973,5683364,1463,4
0,Bow valley,568582,5678797,1825,4
0,Bow valley,586384,5668608,1791,3
0,Bow valley,566168,5688134,1517,4
0,Bow valley,578601,5681863,1936,4
0,Bow valley,560912,5690977,1649,4
0,Bow valley,594735,5664394,2315,1
0,Bow valley,564679,5689824,1538,4
0,Bow valley,592934,5664677,1786,5
0,Bow valley,591673,5666714,1468,4
0,Bow valley,595000,5665379,2165,1
0,Bow valley,578555,5676918,1753,5
0,Bow valley,580157,5679548,1508,4
0,Bow valley,600945,5659990,1871,3
0,Bow valley,571208,5684114,1621,4
0,Bow valley,573239,5676095,1896,4
0,Bow valley,592058,5670884,1974,3
0,Bow valley,565665,5686596,1533,4
0,Bow valley,569711,5684984,1536,4
0,Bow valley,579240,5677013,1496,4
0,Bow valley,579877,5678052,1432,5
0,Bow valley,578476,5677951,1425,4
0,Bow valley,572872,5677593,1660,4
0,Bow valley,591685,5669581,1511,6
0,Bow valley,578050,5674793,2443,3
0,Bow valley,593401,5668779,1402,5
0,Bow valley,595901,5667522,1516,4
0,Bow valley,596134,5667018,1641,4
0,Bow valley,584999,5677781,1668,4
0,Bow valley,579334,5676490,1595,4
0,Bow valley,587254,5672960,1402,5
0,Bow valley,580412,5679831,1595,5
0,Bow valley,589412,5673257,1806,3
0,Bow valley,601254,5659891,1886,3
0,Bow valley,582656,5676878,1465,6
0,Bow valley,591066,5669026,1402,4
0,Bow valley,575682,5681890,1689,4
0,Bow valley,583742,5672158,1830,3
0,Bow valley,585244,5673005,1454,4
0,Bow valley,571307,5679207,1620,4
0,Bow valley,569506,5689079,2134,1
0,Bow valley,576237,5674282,2416,5
0,Bow valley,573963,5676333,1930,3
0,Bow valley,579912,5674735,2203,5
0,Bow valley,578932,5677488,1436,4
0,Bow valley,561359,5694382,1560,4
0,Bow valley,574019,5684265,2697,1
0,Bow valley,571410,5678679,1623,4
0,Bow valley,598771,5661374,2162,1
0,Bow valley,592165,5670660,1859,3
0,Bow valley,583926,5670266,2224,1
0,Bow valley,572432,5677410,1694,3
0,Bow valley,578173,5682970,2041,4
0,Bow valley,577398,5674986,2257,4
0,Bow valley,598468,5662907,1974,4
0,Bow valley,592716,5663784,1605,4
0,Bow valley,595502,5667907,1472,5
0,Bow valley,591455,5671922,2339,3
0,Bow valley,599373,5662244,1871,3
0,Bow valley,577717,5674717,2387,1
0,Bow valley,562816,5690872,1494,4
0,Bow valley,575388,5682499,1796,4
0,Bow valley,588058,5669762,1501,4
0,Bow valley,569511,5682291,1464,4
0,Bow valley,584661,5678061,1602,4
0,Bow valley,601075,5661968,1755,4
0,Bow valley,593432,5663414,1775,5
0,Bow valley,592917,5668433,1402,5
0,Bow valley,582282,5673620,1637,5
0,Bow valley,563984,5691101,1518,4
0,Bow valley,565370,5685251,1645,4
0,Bow valley,570773,5678676,1652,4
0,Bow valley,568584,5683743,1471,4
0,Bow valley,563823,5688717,1525,4
0,Bow valley,596086,5664476,2302,4
0,Bow valley,570181,5679590,1700,4
0,Bow valley,574592,5680581,1433,4
0,Bow valley,577298,5680507,1624,4
0,Bow valley,573602,5677568,1644,4
0,Bow valley,592126,5667525,1443,5
0,Bow valley,587405,5672524,1402,5
0,Bow valley,594823,5668539,1401,7
0,Bow valley,589934,5668141,1467,4
0,Bow valley,592207,5666750,1516,4
0,Bow valley,566865,5690059,1680,4
0,Bow valley,574463,5675163,2241,3
0,Bow valley,588710,5672890,1671,4
0,Bow valley,575283,5680201,1441,3
0,Bow valley,581230,5677850,1472,6
0,Bow valley,565086,5692333,1693,4
0,Bow valley,569751,5684138,1472,4
0,Bow valley,568537,5680165,1863,4
0,Bow valley,586429,5676287,1593,6
0,Bow valley,591121,5664873,1511,4
0,Bow valley,574511,5679448,1451,4
0,Bow valley,585679,5674745,1402,6
0,Bow valley,584046,5677810,1784,4
0,Bow valley,572095,5677572,1689,4
0,Bow valley,579331,5676562,1570,4
0,Bow valley,562448,5689048,1636,4
0,Bow valley,564857,5690527,1572,4
0,Bow valley,585951,5674760,1404,6
0,Bow valley,570420,5677739,1553,4
0,Bow valley,601746,5660186,1751,3
0,Bow valley,602007,5658205,2015,3
0,Bow valley,575783,5676746,1875,4
0,Bow valley,573243,5685281,2611,1
0,Bow valley,599376,5661630,1985,4
0,Bow valley,577340,5679211,1433,3
0,Bow valley,599018,5662251,1917,3
0,Bow valley,574103,5681627,1476,4
0,Bow valley,581839,5677704,1562,4
0,Bow valley,590868,5666756,1669,4
0,Bow valley,598968,5662232,1917,3
0,Bow valley,575224,5684215,2190,4
0,Bow valley,574689,5685381,2228,7
0,Bow valley,568746,5687211,1656,4
0,Bow valley,585717,5675218,1424,5
0,Bow valley,596087,5666926,1652,4
0,Bow valley,563687,5692490,1619,4
0,Bow valley,582878,5673057,1773,5
0,Bow valley,569766,5685190,1564,4
0,Bow valley,578764,5678523,1431,4
0,Bow valley,571009,5677934,1528,4
0,Bow valley,574641,5680554,1434,4
0,Bow valley,568181,5680007,1961,4
0,Bow valley,580052,5674093,1835,4
0,Bow valley,600728,5661923,1758,3
0,Bow valley,567610,5686352,1494,4
0,Bow valley,578737,5680540,1534,4
0,Bow valley,599707,5663027,1736,3
0,Bow valley,587542,5667972,2083,1
0,Bow valley,581469,5676164,1420,5
0,Bow valley,559213,5694667,1524,4
0,Bow valley,565167,5686823,1572,4
0,Bow valley,599098,5661595,2090,4
0,Bow valley,596013,5667108,1606,4
0,Bow valley,573816,5676037,1972,4
0,Bow valley,571518,5684061,1668,5
0,Bow valley,559483,5697039,1615,4
0,Bow valley,593561,5665346,2236,1
0,Bow valley,566233,5689205,1561,4
0,Bow valley,601690,5659063,1987,3
0,Bow valley,566800,5690189,1686,4
0,Bow valley,580130,5675628,1739,4
0,Bow valley,575329,5680412,1451,4
0,Bow valley,593246,5666626,1829,4
0,Bow valley,566802,5683309,1633,5
0,Bow valley,584411,5676384,1460,6
0,Bow valley,568371,5683201,1497,4
0,Bow valley,579542,5673360,1807,3
0,Bow valley,574883,5679502,1444,4
0,Bow valley,560349,5692747,1588,4
0,Bow valley,597304,5662275,2450,3
0,Bow valley,590866,5670691,1882,4
0,Bow valley,589598,5668137,1484,4
0,Bow valley,598878,5662022,1988,3
0,Bow valley,571595,5679449,1597,4
0,Bow valley,567142,5681709,1769,4
0,Bow valley,588266,5670825,1402,5
0,Bow valley,599809,5663489,1702,4
0,Bow valley,575786,5675802,1988,3
0,Bow valley,577868,5675859,2070,3
0,Bow valley,564628,5688015,1524,4
0,Bow valley,569946,5686811,1921,4
0,Bow valley,583589,5674575,1437,4
0,Bow valley,561901,5693448,1569,4
0,Bow valley,576114,5678142,1525,4
0,Bow valley,574246,5681784,1530,4
0,Bow valley,577321,5674534,2224,4
0,Bow valley,573515,5682681,1642,5
0,Bow valley,576420,5675666,2085,4
0,Bow valley,567687,5685061,1493,4
0,Bow valley,563020,5690053,1496,4
0,Bow valley,576312,5683193,2056,4
0,Bow valley,575314,5675873,2116,4
0,Bow valley,585242,5671545,1822,5
0,Bow valley,576389,5680865,1605,4
0,Bow valley,586359,5673287,1402,5
0,Bow valley,562205,5690760,1525,4
0,Bow valley,579615,5677536,1427,5
0,Bow valley,596708,5662509,2200,1
0,Bow valley,575973,5682931,2091,4
0,Bow valley,588534,5673316,1665,4
0,Bow valley,557810,5697135,1577,4
0,Bow valley,584161,5672964,1660,4
0,Bow valley,568592,5679498,1910,4
0,Bow valley,563972,5689271,1494,4
0,Bow valley,571533,5678470,1614,4
0,Bow valley,594726,5668263,1418,5
0,Bow valley,602709,5657701,1675,5
0,Bow valley,568815,5684935,1491,4
0,Bow valley,571412,5683295,1503,4
0,Bow valley,565781,5686321,1527,4
0,Bow valley,562081,5691088,1511,4
0,Bow valley,589139,5670792,1402,4
0,Bow valley,572355,5684308,1837,4
0,Bow valley,591031,5668645,1402,5
0,Bow valley,577760,5675706,2089,3
0,Bow valley,582905,5670168,2453,3
0,Bow valley,562647,5693980,1674,4
0,Bow valley,558579,5697583,1602,4
0,Bow valley,575086,5675692,2149,4
0,Bow valley,578455,5678952,1433,4
0,Bow valley,579149,5681656,1939,4
0,Bow valley,598571,5665159,1619,4
0,Bow valley,603211,5657991,1567,4
0,Bow valley,572321,5681358,1453,4
0,Bow valley,578618,5681925,1947,4
0,Bow valley,585781,5669812,2201,3
0,Bow valley,568116,5684660,1482,4
0,Bow valley,562604,5689669,1535,4
0,Bow valley,588412,5669873,1405,5
0,Bow valley,581069,5678952,1496,4
0,Bow valley,559401,5693456,1628,4
0,Bow valley,588018,5670985,1402,5
0,Bow valley,565530,5683561,1777,5
0,Bow valley,600027,5660024,1997,4
0,Bow valley,563319,5689418,1508,4
0,Bow valley,601596,5659585,1871,3
0,Bow valley,581431,5680048,1598,4
0,Bow valley,567952,5685504,1486,4
0,Bow valley,572167,5685849,2293,3
0,Bow valley,591328,5671120,2307,3
0,Bow valley,592267,5665186,1585,4
0,Bow valley,561105,5692897,1517,4
0,Bow valley,575923,5674525,2216,3
0,Bow valley,566144,5689537,1568,4
0,Bow valley,569179,5685041,1532,4
0,Bow valley,569697,5686217,1741,5
0,Bow valley,564675,5686198,1643,4
0,Bow valley,563108,5688426,1631,4
0,Bow valley,572210,5677956,1630,4
0,Bow valley,584516,5673664,1472,4
0,Bow valley,598518,5661183,2210,1
0,Bow valley,588805,5673120,1675,3
0,Bow valley,585333,5671425,1753,4
0,Bow valley,593557,5668528,1402,5
0,Bow valley,570745,5679610,1651,4
0,Bow valley,596845,5665425,1859,4
0,Bow valley,595058,5668999,1402,7
0,Bow valley,573272,5677420,1690,4
0,Bow valley,573054,5676361,1877,3
0,Bow valley,591943,5671371,2128,3
0,Bow valley,598671,5663785,1773,3
0,Bow valley,602289,5659793,1682,3
0,Bow valley,574019,5681815,1495,4
0,Bow valley,600113,5661296,1877,3
0,Bow valley,584214,5675903,1434,6
0,Bow valley,589686,5669667,1402,5
0,Bow valley,589553,5670377,1402,7
0,Bow valley,562644,5691226,1494,3
0,Bow valley,561414,5690724,1588,4
0,Bow valley,596153,5661777,2668,1
0,Bow valley,570143,5680365,1640,4
0,Bow valley,574470,5678010,1605,4
0,Bow valley,561904,5694413,1623,4
0,Bow valley,589782,5671852,1902,4
0,Bow valley,586783,5670132,1765,4
0,Bow valley,593730,5668009,1441,5
0,Bow valley,564645,5692269,1680,4
0,Bow valley,569159,5678574,1768,4
0,Bow valley,600625,5660213,1889,3
0,Bow valley,571185,5678756,1631,4
0,Bow valley,563455,5693536,1694,4
0,Bow valley,570583,5679675,1661,4
0,Bow valley,574295,5677776,1636,4
0,Bow valley,602596,5658776,1697,3
0,Bow valley,570864,5684327,1626,4
0,Bow valley,584579,5669578,2099,3
0,Bow valley,583115,5679123,1884,4
0,Bow valley,563166,5690138,1494,4
0,Bow valley,593758,5669313,1402,5
0,Bow valley,574400,5679203,1458,4
0,Bow valley,560726,5694188,1520,4
0,Bow valley,580081,5677398,1420,5
0,Bow valley,575282,5674925,2149,4
0,Bow valley,594377,5664308,2100,3
0,Bow valley,568159,5680089,1955,4
0,Bow valley,563782,5692508,1638,4
0,Bow valley,564224,5693278,1750,4
0,Bow valley,590077,5666555,1847,5
0,Bow valley,579300,5672173,1675,3
0,Bow valley,599247,5663020,1779,3
0,Bow valley,572607,5679599,1560,4
0,Bow valley,586591,5673819,1402,5
0,Bow valley,592742,5667822,1415,5
0,Bow valley,568945,5686913,1636,4
0,Bow valley,557912,5696890,1587,4
0,Bow valley,556824,5696499,1573,4
0,Bow valley,583133,5675579,1411,5
0,Bow valley,572208,5676662,1898,4
0,Bow valley,574652,5679724,1438,4
0,Bow valley,586636,5669129,2011,3
0,Bow valley,563111,5692712,1615,4
0,Bow valley,568824,5686131,1553,4
0,Bow valley,576523,5675844,2043,4
0,Bow valley,573660,5684839,2590,1
0,Bow valley,592495,5670102,1626,6
0,Bow valley,561259,5691021,1612,4
0,Bow valley,581669,5677114,1433,6
0,Bow valley,572432,5681604,1448,4
0,Bow valley,596913,5665764,1778,4
0,Bow valley,589717,5667294,1677,5
0,Bow valley,568623,5685135,1492,4
0,Bow valley,587026,5674687,1514,6
0,Bow valley,603580,5657411,1554,4
0,Bow valley,596585,5662552,2173,1
0,Bow valley,582663,5673293,1712,5
0,Bow valley,596972,5664154,2171,1
0,Bow valley,580810,5674712,1708,4
0,Bow valley,571213,5683216,1503,4
0,Bow valley,570524,5677753,1541,4
0,Bow valley,564572,5686561,1620,4
0,Bow valley,568694,5679254,1877,4
0,Bow valley,588316,5667028,2244,1
0,Bow valley,590005,5666994,1741,5
0,Bow valley,593419,5664152,1883,4
0,Bow valley,573054,5677563,1661,4
0,Bow valley,599376,5659722,2088,1
0,Bow valley,586918,5668598,1656,3
0,Bow valley,591003,5667506,1699,4
0,Bow valley,576580,5676802,1843,4
0,Bow valley,571151,5686431,2248,4
0,Bow valley,575377,5679843,1433,3
0,Bow valley,560520,5695126,1559,4
0,Bow valley,586850,5675443,1601,6
0,Bow valley,582458,5670790,2544,1
0,Bow valley,568144,5689663,2060,4
0,Bow valley,566927,5683358,1621,4
0,Bow valley,572714,5680412,1460,4
0,Bow valley,594491,5664151,2075,3
0,Bow valley,577356,5677483,1901,5
0,Bow valley,577928,5676414,1986,4
0,Bow valley,579059,5678832,1433,5
0,Bow valley,563081,5687122,1852,4
0,Bow valley,597504,5664969,1801,3
0,Bow valley,581217,5679459,1558,4
0,Bow valley,586124,5671461,1599,4
0,Bow valley,571966,5678255,1536,4
0,Bow valley,598127,5665168,1682,4
0,Bow valley,586559,5674779,1450,5
0,Bow valley,577633,5673326,2598,1
0,Bow valley,559729,5692475,1674,4
0,Bow valley,560042,5692350,1633,4
0,Bow valley,570321,5680526,1622,4
0,Bow valley,588940,5673870,1968,3
0,Bow valley,601717,5659165,1947,3
0,Bow valley,583515,5678950,1839,4
0,Bow valley,568973,5683529,1463,4
0,Bow valley,580285,5675708,1641,4
0,Bow valley,593632,5670631,1617,4
0,Bow valley,572238,5679307,1563,4
0,Bow valley,585076,5670929,1964,1
0,Bow valley,583879,5670009,2264,1
0,Bow valley,581424,5674045,1592,5
0,Bow valley,576415,5677435,1746,4
0,Bow valley,557385,5695554,1565,4
0,Bow valley,577065,5675947,1986,4
0,Bow valley,571954,5682856,1457,3
0,Bow valley,575251,5676968,1832,3
0,Bow valley,592279,5667016,1482,6
0,Bow valley,575052,5685111,2209,4
0,Bow valley,602443,5658248,1778,3
0,Bow valley,589539,5667793,1572,5
0,Bow valley,587470,5675338,1849,4
0,Bow valley,583180,5672349,2035,4
0,Bow valley,595858,5666203,2011,1
0,Bow valley,573656,5683993,2411,3
0,Bow valley,570828,5686891,2227,3
0,Bow valley,562821,5690681,1494,3
0,Bow valley,592205,5669272,1403,5
0,Bow valley,568708,5688316,1886,4
0,Bow valley,590434,5673402,2063,3
0,Bow valley,568762,5688474,1933,4
0,Bow valley,576027,5676989,1803,4
0,Bow valley,579320,5680008,1470,4
0,Bow valley,582438,5672168,2314,3
0,Bow valley,585856,5673163,1402,5
0,Bow valley,567559,5686120,1494,4
0,Bow valley,591838,5670981,2143,3
0,Bow valley,588250,5675168,2276,3
0,Bow valley,584186,5678204,1760,4
0,Bow valley,597616,5664059,1886,3
0,Bow valley,570789,5681188,1535,4
0,Bow valley,561943,5689703,1635,4
0,Bow valley,579915,5677984,1432,5
0,Bow valley,566824,5688079,1552,4
0,Bow valley,569182,5687254,1753,4
0,Bow valley,566514,5691619,1913,4
0,Bow valley,586189,5676349,1636,5
0,Bow valley,567071,5681442,1847,3
0,Bow valley,558700,5695420,1544,4
0,Bow valley,590447,5668636,1402,5
0,Bow valley,563679,5687641,1640,4
0,Bow valley,568564,5681139,1690,4
0,Bow valley,593188,5669438,1402,5
0,Bow valley,564518,5692669,1707,4
0,Bow valley,563604,5691640,1554,4
0,Bow valley,588093,5670849,1402,5
0,Bow valley,589801,5673750,1930,4
0,Bow valley,578140,5677452,1526,4
0,Bow valley,586481,5672372,1403,4
0,Bow valley,579766,5676935,1457,4
0,Bow valley,573993,5675657,2040,4
0,Bow valley,574305,5685781,2367,1
0,Bow valley,574950,5675060,2252,3
0,Bow valley,602639,5657857,1684,3
0,Bow valley,593865,5665603,2329,1
0,Bow valley,585107,5672538,1625,4
0,Bow valley,567385,5683813,1518,4
0,Bow valley,574385,5683050,1882,4
0,Bow valley,601623,5660018,1788,3
0,Bow valley,574857,5678786,1515,4
0,Bow valley,580974,5679098,1512,4
0,Bow valley,570418,5686739,2025,5
0,Bow valley,603595,5659169,1563,4
0,Bow valley,583460,5674056,1486,4
0,Bow valley,579014,5675134,2104,3
0,Bow valley,558764,5695739,1560,4
0,Bow valley,586999,5668318,1806,3
0,Bow valley,564641,5686029,1656,4
0,Bow valley,559478,5694946,1550,4
0,Bow valley,583905,5675626,1424,6
0,Bow valley,598242,5663479,1905,3
0,Bow valley,573112,5683963,1982,4
0,Bow valley,573450,5681939,1448,3
0,Bow valley,587590,5672963,1407,5
0,Bow valley,569787,5687840,2039,4
0,Bow valley,569135,5682804,1489,4
0,Bow valley,576656,5681732,1744,4
0,Bow valley,593443,5670428,1699,4
0,Bow valley,597594,5662563,2432,3
0,Bow valley,573511,5679927,1477,4
0,Bow valley,569713,5686986,1901,1
0,Bow valley,595388,5664082,2256,3
0,Bow valley,574843,5682469,1764,4
0,Bow valley,564777,5691019,1584,4
0,Bow valley,595033,5664796,2361,1
0,Bow valley,583656,5669802,2403,4
0,Bow valley,590816,5667515,1685,4
0,Bow valley,576627,5680381,1610,4
0,Bow valley,573910,5685809,2403,1
0,Bow valley,585143,5672589,1584,4
0,Bow valley,601514,5658617,2214,3
0,Bow valley,563483,5687702,1653,4
0,Bow valley,590394,5673377,2067,3
0,Bow valley,567447,5682342,1647,4
0,Bow valley,584822,5676959,1539,4
0,Bow valley,581442,5675731,1473,4
0,Bow valley,577658,5675409,2178,5
0,Bow valley,571263,5685851,2063,5
0,Bow valley,577338,5676173,1961,4
0,Bow valley,566608,5683416,1636,5
0,Bow valley,601808,5661495,1792,4
0,Bow valley,571413,5677735,1615,4
0,Bow valley,586593,5670920,1625,4
0,Bow valley,560059,5695945,1593,4
0,Bow valley,593117,5664318,1785,5
0,Bow valley,565059,5686129,1596,4
0,Bow valley,577774,5675840,2063,3
0,Bow valley,595364,5662164,2334,1
0,Bow valley,567248,5686292,1494,4
0,Bow valley,579137,5677046,1507,4
0,Bow valley,562497,5688480,1724,4
0,Bow valley,591858,5666989,1478,4
0,Bow valley,586481,5668178,1725,3
0,Bow valley,585032,5671637,1875,1
0,Bow valley,588850,5673991,2045,4
0,Bow valley,561022,5695039,1588,4
0,Bow valley,576071,5676776,1849,4
0,Bow valley,593359,5664303,1919,4
0,Bow valley,580601,5677960,1441,5
0,Bow valley,586416,5676695,1697,5
0,Bow valley,597529,5663235,2132,1
0,Bow valley,559610,5696145,1569,4
0,Bow valley,567000,5681386,1867,3
0,Bow valley,568610,5685001,1486,4
0,Bow valley,583479,5670182,2153,4
0,Bow valley,586420,5672476,1403,4
0,Bow valley,580191,5681460,2054,4
0,Bow valley,599161,5662243,1904,3
0,Bow valley,583486,5678471,1773,4
0,Bow valley,567899,5686428,1504,4
0,Bow valley,586855,5670564,1662,4
0,Bow valley,602145,5658718,1878,3
0,Bow valley,579254,5680303,1519,4
0,Bow valley,580230,5678824,1453,4
0,Bow valley,597308,5666442,1622,4
0,Bow valley,565555,5686562,1544,4
0,Bow valley,600596,5660559,1877,3
0,Bow valley,596281,5664534,2201,4
0,Bow valley,572282,5680132,1527,4
0,Bow valley,572670,5682698,1516,4
0,Bow valley,575304,5682687,1836,4
0,Bow valley,599295,5660709,2068,3
0,Bow valley,576222,5683855,2100,3
0,Bow valley,584825,5677217,1574,4
0,Bow valley,583719,5675516,1408,6
0,Bow valley,598361,5665039,1656,4
0,Bow valley,595041,5666111,1906,3
0,Bow valley,572747,5679452,1559,4
0,Bow valley,580874,5676279,1432,4
0,Bow valley,558224,5697095,1585,4
0,Bow valley,580946,5674967,1643,5
0,Bow valley,581429,5671946,2435,3
0,Bow valley,596581,5667643,1523,4
0,Bow valley,592276,5666924,1486,6
0,Bow valley,585252,5676605,1498,5
0,Bow valley,585733,5668802,2064,1
0,Bow valley,574140,5683633,2187,3
0,Bow valley,579206,5679835,1448,4
0,Bow valley,577134,5676121,1959,4
0,Bow valley,586080,5676526,1730,5
0,Bow valley,563887,5689082,1504,4
0,Bow valley,592661,5671259,2124,3
0,Bow valley,577444,5674490,2286,1
0,Bow valley,596473,5664169,2163,4
0,Bow valley,561506,5694678,1594,4
0,Bow valley,575558,5681181,1559,4
0,Bow valley,569231,5681126,1629,4
0,Bow valley,593247,5670654,1841,4
0,Bow valley,591904,5664584,1521,4
0,Bow valley,576007,5674173,2271,3
0,Bow valley,568635,5687296,1644,4
0,Bow valley,580239,5677405,1422,5
0,Bow valley,597373,5662119,2375,3
0,Bow valley,567076,5687564,1550,4
0,Bow valley,595048,5664104,2192,3
0,Bow valley,573205,5682568,1546,4
0,Bow valley,583653,5671618,1920,3
0,Bow valley,578231,5678203,1431,4
0,Bow valley,586750,5668266,1784,3
0,Bow valley,578590,5680951,1650,4
0,Bow valley,599257,5663180,1771,3
0,Bow valley,583566,5677603,1674,5
0,Bow valley,572579,5680698,1457,4
0,Bow valley,599802,5664294,1756,4
0,Bow valley,562587,5689231,1603,4
0,Bow valley,566228,5682918,1753,4
0,Bow valley,573671,5678779,1549,4
0,Bow valley,577523,5675200,2228,5
0,Bow valley,567391,5690642,1921,4
0,Bow valley,588339,5674460,2098,4
0,Bow valley,569573,5684636,1519,4
0,Bow valley,572388,5680238,1500,4
0,Bow valley,571811,5682699,1454,3
0,Bow valley,588324,5671995,1405,5
0,Bow valley,568007,5684838,1491,4
0,Bow valley,562102,5692160,1510,4
0,Bow valley,573557,5678229,1579,4
0,Bow valley,563433,5693289,1672,4
0,Bow valley,589927,5667532,1573,5
0,Bow valley,595868,5667776,1492,5
0,Bow valley,570585,5683915,1519,4
0,Bow valley,560392,5693571,1520,4
0,Bow valley,595834,5667771,1491,5
0,Bow valley,596750,5662085,2498,1
0,Bow valley,594475,5662723,2010,4
0,Bow valley,588688,5671064,1402,4
0,Bow valley,565742,5689664,1554,4
0,Bow valley,584851,5673621,1446,4
0,Bow valley,565170,5685172,1665,4
0,Bow valley,584851,5671006,2090,3
0,Bow valley,556854,5696364,1587,4
0,Bow valley,567350,5682230,1679,4
0,Bow valley,578047,5673993,2447,1
0,Bow valley,570872,5677632,1583,4
0,Bow valley,574845,5677285,1794,3
0,Bow valley,583169,5676171,1452,6
0,Bow valley,570098,5686091,1793,5
0,Bow valley,568898,5681050,1667,4
0,Bow valley,591707,5668957,1402,5
0,Bow valley,580320,5678869,1469,4
0,Bow valley,585952,5669741,2111,3
0,Bow valley,594276,5667379,1507,4
0,Bow valley,572572,5680090,1512,4
0,Bow valley,582968,5677083,1474,6
0,Bow valley,584737,5675852,1415,6
0,Bow valley,577875,5675761,2086,3
0,Bow valley,565244,5685697,1624,4
0,Bow valley,568813,5684842,1487,4
0,Bow valley,577510,5674736,2270,1
0,Bow valley,599196,5661376,2152,3
0,Bow valley,564217,5691303,1554,4
0,Bow valley,574551,5675986,2075,4
0,Bow valley,558045,5694979,1552,4
0,Bow valley,558205,5696611,1596,4
0,Bow valley,575574,5682279,1765,4
0,Bow valley,570232,5687831,2030,4
0,Bow valley,569219,5688883,2072,1
0,Bow valley,582191,5671832,2694,1
0,Bow valley,588971,5669212,1403,5
0,Bow valley,586500,5667791,1816,3
0,Bow valley,595882,5664588,2348,1
0,Bow valley,557302,5696825,1550,4
0,Bow valley,592624,5670125,1643,4
0,Bow valley,574740,5683869,2673,1
0,Bow valley,590291,5671337,1753,4
0,Bow valley,577058,5675880,1996,4
0,Bow valley,570978,5682097,1453,4
0,Bow valley,579740,5679329,1436,4
0,Bow valley,571917,5678071,1559,4
0,Bow valley,566917,5689630,1631,4
0,Bow valley,581950,5670976,2643,1
0,Bow valley,580421,5673183,1631,4
0,Bow valley,571979,5684114,1760,5
0,Bow valley,590271,5668686,1402,5
0,Bow valley,584967,5671767,1863,1
0,Bow valley,576557,5674765,2281,3
0,Bow valley,589895,5673722,1909,4
0,Bow valley,565350,5690657,1596,4
0,Bow valley,603631,5658844,1590,4
0,Bow valley,585519,5673113,1418,4
0,Bow valley,573524,5678812,1549,4
0,Bow valley,573726,5678442,1547,4
0,Bow valley,563461,5687997,1630,4
0,Bow valley,600631,5662519,1756,4
0,Bow valley,580533,5675383,1677,4
0,Bow valley,564610,5693137,1788,4
0,Bow valley,569369,5685455,1570,4
0,Bow valley,589798,5666638,1942,1
0,Bow valley,589045,5667287,1833,5
0,Bow valley,573063,5684696,2362,3
0,Bow valley,576078,5676513,1883,4
0,Bow valley,576066,5676967,1800,4
0,Bow valley,567744,5686560,1504,4
0,Bow valley,575593,5675790,2016,4
0,Bow valley,595845,5665739,2084,3
0,Bow valley,586618,5669352,1997,1
0,Bow valley,578110,5676550,1993,5
0,Bow valley,568579,5679741,1916,4
0,Bow valley,574189,5685019,2251,1
0,Bow valley,593756,5667359,1549,4
0,Bow valley,572616,5685649,2618,1
0,Bow valley,561718,5691523,1524,4
0,Bow valley,589475,5668346,1470,4
0,Bow valley,588029,5671521,1402,5
0,Bow valley,567838,5690396,2009,4
0,Bow valley,572658,5684354,1945,5
0,Bow valley,578547,5675391,2180,5
0,Bow valley,584504,5671292,2237,3
0,Bow valley,577802,5675989,2038,3
0,Bow valley,564315,5688470,1533,4
0,Bow valley,591507,5667676,1508,4
0,Bow valley,562464,5690477,1514,4
0,Bow valley,585904,5675705,1461,5
0,Bow valley,579787,5680292,1614,5
0,Bow valley,581431,5678140,1579,4
0,Bow valley,574481,5682951,1849,4
0,Bow valley,569590,5683166,1463,1
0,Bow valley,590173,5668363,1414,4
0,Bow valley,590531,5667412,1595,4
0,Bow valley,573390,5680182,1458,4
0,Bow valley,560276,5696085,1610,4
0,Bow valley,574760,5680748,1447,3
0,Bow valley,597555,5664870,1813,3
0,Bow valley,575547,5684296,2127,3
0,Bow valley,597734,5664536,1832,3
0,Bow valley,588038,5673424,1538,6
0,Bow valley,601165,5661636,1738,4
0,Bow valley,571361,5679036,1623,4
0,Bow valley,600161,5661269,1871,3
0,Bow valley,559050,5697466,1609,4
0,Bow valley,583110,5670597,2183,4
0,Bow valley,597332,5661176,2107,5
0,Bow valley,591374,5665936,1551,4
0,Bow valley,572459,5685358,2336,3
0,Bow valley,573501,5679391,1520,4
0,Bow valley,597557,5664916,1804,3
0,Bow valley,586997,5675410,1640,5
0,Bow valley,597616,5666839,1552,3
0,Bow valley,577742,5676305,1971,3
0,Bow valley,562668,5694181,1674,4
0,Bow valley,571516,5686254,2363,3
0,Bow valley,581105,5675186,1558,5
0,Bow valley,586511,5676549,1610,6
0,Bow valley,572116,5677443,1710,3
0,Bow valley,591799,5672039,2389,1
0,Bow valley,578497,5681473,1818,5
0,Bow valley,571757,5677310,1737,3
0,Bow valley,568325,5681247,1701,4
0,Bow valley,580063,5672060,1790,4
0,Bow valley,569433,5680590,1673,4
0,Bow valley,560525,5693898,1520,4
0,Bow valley,579979,5673119,1623,4
0,Bow valley,584315,5677732,1703,4
0,Bow valley,599665,5662579,1780,3
0,Bow valley,572438,5680257,1497,4
0,Bow valley,559442,5695766,1551,4
0,Bow valley,586324,5673282,1402,5
0,Bow valley,590614,5667555,1610,4
0,Bow valley,572271,5677145,1761,3
0,Bow valley,567268,5681428,1819,3
0,Bow valley,590733,5666170,1678,4
0,Bow valley,584965,5673629,1438,4
0,Bow valley,589283,5668004,1570,5
0,Bow valley,567190,5685664,1493,4
0,Bow valley,588141,5666959,2311,1
0,Bow valley,562966,5688646,1616,4
0,Bow valley,583683,5673392,1574,5
0,Bow valley,567872,5685831,1494,4
0,Bow valley,568032,5690619,2050,4
0,Bow valley,571357,5684127,1649,5
0,Bow valley,571815,5683380,1525,4
0,Bow valley,578758,5679539,1466,4
0,Bow valley,563837,5690970,1499,4
0,Bow valley,566556,5689782,1605,4
0,Bow valley,568590,5684470,1463,4
0,Bow valley,571824,5681585,1458,4
0,Bow valley,570604,5679004,1671,4
0,Bow valley,581553,5670912,2555,1
0,Bow valley,565754,5685888,1550,4
0,Bow valley,597678,5665202,1745,4
0,Bow valley,570651,5680133,1620,4
0,Bow valley,565147,5691687,1647,4
0,Bow valley,575303,5678824,1489,4
0,Bow valley,578944,5678777,1433,5
0,Bow valley,573665,5678923,1490,4
0,Bow valley,573853,5683272,1879,5
0,Bow valley,567054,5685197,1515,4
0,Bow valley,570874,5688350,2127,3
0,Bow valley,564144,5692027,1615,4
0,Bow valley,580082,5675866,1644,4
0,Bow valley,568214,5689718,2061,4
0,Bow valley,565390,5686488,1559,4
0,Bow valley,567494,5685379,1488,4
0,Bow valley,580230,5674301,1841,4
0,Bow valley,602446,5661167,1917,5
0,Bow valley,581714,5675746,1435,4
0,Bow valley,572129,5678237,1596,4
0,Bow valley,601268,5661438,1736,3
0,Bow valley,569665,5689297,2249,3
0,Bow valley,574771,5682697,1817,4
0,Bow valley,576609,5679401,1433,3
0,Bow valley,575359,5676084,2068,4
0,Bow valley,602904,5660751,1950,4
0,Bow valley,567738,5690522,1968,4
0,Bow valley,582825,5673274,1683,5
0,Bow valley,573371,5683019,1717,4
0,Bow valley,569558,5679061,1773,4
0,Bow valley,594482,5665570,2186,3
0,Bow valley,584702,5672902,1583,4
0,Bow valley,582526,5672661,1991,1
0,Bow valley,590596,5670227,1568,6
0,Bow valley,587782,5672057,1402,5
0,Bow valley,569964,5686589,1879,5
0,Bow valley,567288,5684738,1521,4
0,Bow valley,582423,5679833,1977,4
0,Bow valley,577560,5675793,2069,4
0,Bow valley,587878,5675279,2091,3
0,Bow valley,577609,5683446,2179,1
0,Bow valley,571914,5678684,1581,4
0,Bow valley,580224,5678592,1433,4
0,Bow valley,575774,5676091,1947,4
0,Bow valley,599535,5662721,1781,3
0,Bow valley,578512,5672937,2094,3
0,Bow valley,561410,5695320,1644,4
0,Bow valley,575714,5681967,1705,4
0,Bow valley,582924,5675717,1424,6
0,Bow valley,572225,5687395,2708,1
0,Bow valley,567788,5683403,1511,4
0,Bow valley,567699,5688965,1752,4
0,Bow valley,571205,5683810,1581,4
0,Bow valley,597636,5663883,1925,3
0,Bow valley,577455,5674201,2361,1
0,Bow valley,582589,5679247,1805,4
0,Bow valley,592877,5663884,1645,4
0,Bow valley,595020,5668525,1404,5
0,Bow valley,586243,5670783,1741,4
0,Bow valley,586586,5667862,1852,3
0,Bow valley,558480,5694976,1529,3
0,Bow valley,563189,5693211,1635,4
0,Bow valley,564688,5684542,1847,5
0,Bow valley,570041,5678654,1706,4
0,Bow valley,568564,5683212,1494,4
0,Bow valley,592093,5668108,1402,5
0,Bow valley,562488,5694963,1717,4
0,Bow valley,584055,5674483,1416,5
0,Bow valley,563426,5690065,1494,4
0,Bow valley,600810,5662726,1788,4
0,Bow valley,578780,5681695,1910,4
0,Bow valley,572889,5683591,1758,4
0,Bow valley,568019,5680190,1958,4
0,Bow valley,592284,5669441,1426,6
0,Bow valley,581050,5676182,1432,4
0,Bow valley,593143,5670806,1935,3
0,Bow valley,564142,5691980,1608,4
0,Bow valley,577214,5676336,1934,4
0,Bow valley,575110,5678105,1571,0
0,Bow valley,564511,5685299,1764,5
0,Bow valley,589950,5670441,1487,6
0,Bow valley,560666,5693468,1520,4
0,Bow valley,589949,5666743,1850,5
0,Bow valley,586290,5673985,1402,5
0,Bow valley,590195,5668987,1402,5
0,Bow valley,561300,5694038,1554,4
0,Bow valley,564928,5687261,1527,4
0,Bow valley,575730,5679744,1433,3
0,Bow valley,562839,5687844,1805,4
0,Bow valley,584731,5676868,1544,4
0,Bow valley,572460,5684156,1820,4
0,Bow valley,591142,5669432,1439,6
0,Bow valley,597173,5665692,1734,4
0,Bow valley,592675,5671063,2059,4
0,Bow valley,586685,5669974,1813,4
0,Bow valley,563440,5690906,1494,4
0,Bow valley,561000,5690598,1642,4
0,Bow valley,589907,5672608,2232,3
0,Bow valley,559555,5695398,1536,4
0,Bow valley,593081,5665304,1990,4
0,Bow valley,577460,5680653,1704,4
0,Bow valley,570417,5686198,1890,5
0,Bow valley,596203,5663870,2253,1
0,Bow valley,574832,5683465,2291,3
0,Bow valley,586370,5669841,1959,1
0,Bow valley,582839,5673078,1763,5
0,Bow valley,598128,5663094,2040,4
0,Bow valley,562300,5692357,1523,4
0,Bow valley,598582,5663622,1798,3
0,Bow valley,563767,5688841,1521,4
0,Bow valley,566270,5688596,1524,4
0,Bow valley,585506,5669869,2235,3
0,Bow valley,580721,5680274,1757,5
0,Bow valley,590833,5665173,1564,4
0,Red Deer,562834,5724590,2472,1
0,Red Deer,591777,5719820,2243,3
0,Red Deer,563719,5713470,2661,1
0,Red Deer,562616,5707978,2153,7
0,Red Deer,561549,5694536,1585,4
0,Red Deer,578655,5716248,2234,3
0,Red Deer,591401,5715198,1885,5
0,Red Deer,588137,5725672,1672,4
0,Red Deer,562016,5721681,2531,1
0,Red Deer,579118,5735062,2315,0
0,Red Deer,600264,5718787,2139,0
0,Red Deer,559676,5701954,2563,1
0,Red Deer,572745,5720130,2027,4
0,Red Deer,584576,5734590,2341,0
0,Red Deer,585697,5732408,2334,0
0,Red Deer,562879,5699940,2274,1
0,Red Deer,569363,5731730,2367,3
0,Red Deer,577659,5729246,2035,5
0,Red Deer,573344,5708582,2081,4
0,Red Deer,591460,5714431,1823,4
0,Red Deer,562159,5700901,2073,3
0,Red Deer,563987,5724398,2529,1
0,Red Deer,563954,5696068,2267,4
0,Red Deer,588679,5730508,2025,0
0,Red Deer,565808,5692829,1732,4
0,Red Deer,582515,5737439,2479,0
0,Red Deer,599040,5723804,2126,0
0,Red Deer,579756,5707202,2357,1
0,Red Deer,561196,5701204,2218,3
0,Red Deer,589453,5711097,2182,1
0,Red Deer,580283,5709658,2534,1
0,Red Deer,578405,5715156,2211,4
0,Red Deer,569115,5703539,2099,1
0,Red Deer,578731,5730389,2284,3
0,Red Deer,587933,5716363,2408,4
0,Red Deer,575124,5699884,2640,1
0,Red Deer,570942,5735195,2388,4
0,Red Deer,590045,5723593,2839,1
0,Red Deer,563284,5713723,2531,1
0,Red Deer,571238,5735003,2501,1
0,Red Deer,578650,5731577,2394,1
0,Red Deer,574729,5700315,2594,1
0,Red Deer,584345,5712479,2182,4
0,Red Deer,580966,5705662,2348,3
0,Red Deer,577326,5730306,2252,3
0,Red Deer,563903,5725210,2442,1
0,Red Deer,572314,5700741,2522,1
0,Red Deer,579685,5711560,2440,1
0,Red Deer,594923,5725826,2400,0
0,Red Deer,596270,5728889,1784,0
0,Red Deer,599908,5719746,1955,0
0,Red Deer,577665,5717208,2227,1
0,Red Deer,565763,5702590,2513,1
0,Red Deer,574243,5734691,2615,0
0,Red Deer,584328,5710042,2145,4
0,Red Deer,570701,5714634,2335,1
0,Red Deer,573416,5738723,2411,1
0,Red Deer,565617,5715709,2739,1
0,Red Deer,588075,5715135,2535,1
0,Red Deer,593667,5717665,2086,3
0,Red Deer,584168,5734038,2439,0
0,Red Deer,585932,5731178,2905,1
0,Red Deer,580702,5731357,2201,3
0,Red Deer,558300,5705845,2186,3
0,Red Deer,569599,5696058,2453,1
0,Red Deer,594534,5714831,1991,4
0,Red Deer,586949,5725712,1675,3
0,Red Deer,578665,5701556,2489,1
0,Red Deer,596877,5723688,2749,0
0,Red Deer,581728,5707354,2084,4
0,Red Deer,572778,5738757,2526,1
0,Red Deer,573651,5734666,2437,3
0,Red Deer,596078,5716397,1991,4
0,Red Deer,571178,5711791,1952,3
0,Red Deer,565407,5699237,2088,4
0,Red Deer,575521,5725647,1917,4
0,Red Deer,582824,5727186,1975,5
0,Red Deer,563760,5710005,2126,3
0,Red Deer,596863,5719880,2095,3
0,Red Deer,571856,5711469,2112,4
0,Red Deer,579760,5724827,1765,4
0,Red Deer,561885,5723777,2456,1
0,Red Deer,586535,5715024,2291,3
0,Red Deer,571028,5718269,1980,4
0,Red Deer,573450,5705862,2496,3
0,Red Deer,575566,5728823,2447,1
0,Red Deer,576097,5701877,2294,3
0,Red Deer,578413,5724329,1832,4
0,Red Deer,595515,5718247,2041,4
0,Red Deer,582690,5731527,2284,3
0,Red Deer,576555,5731505,2281,3
0,Red Deer,583107,5725343,1727,4
0,Red Deer,578266,5719937,2321,1
0,Red Deer,560786,5705111,2804,1
0,Red Deer,563937,5699431,2432,1
0,Red Deer,575229,5713074,2212,4
0,Red Deer,570909,5719803,2512,1
0,Red Deer,582745,5727354,2024,5
0,Red Deer,588252,5735417,2387,0
0,Red Deer,570721,5695419,2504,1
0,Red Deer,556365,5706777,1737,3
0,Red Deer,575339,5721977,2012,5
0,Red Deer,568924,5706402,2325,1
0,Red Deer,575974,5734095,2563,0
0,Red Deer,594600,5730523,1619,0
0,Red Deer,581872,5712039,2430,1
0,Red Deer,593424,5721785,2295,3
0,Red Deer,565535,5702621,2478,1
0,Red Deer,576788,5723487,1823,4
0,Red Deer,571758,5700722,2579,1
0,Red Deer,559151,5711414,1821,3
0,Red Deer,566300,5703962,2345,1
0,Red Deer,583209,5724198,1767,4
0,Red Deer,584115,5725389,1719,4
0,Red Deer,558412,5713523,1832,3
0,Red Deer,560523,5720287,2186,4
0,Red Deer,557422,5709910,1830,4
0,Red Deer,561978,5713198,1960,4
0,Red Deer,567669,5727406,2341,3
0,Red Deer,581213,5708590,2151,3
0,Red Deer,576325,5737481,2138,0
0,Red Deer,577582,5733171,2721,1
0,Red Deer,594264,5715705,1867,4
0,Red Deer,567828,5722146,2876,1
0,Red Deer,567418,5720401,2410,1
0,Red Deer,562752,5704364,2584,1
0,Red Deer,597810,5716937,2390,1
0,Red Deer,578783,5732569,2295,3
0,Red Deer,594784,5730812,1616,0
0,Red Deer,598644,5718582,2295,1
0,Red Deer,595894,5717185,2157,5
0,Red Deer,585525,5723749,1864,4
0,Red Deer,596849,5727931,1981,0
0,Red Deer,575566,5700531,2625,1
0,Red Deer,577730,5738233,2119,0
0,Red Deer,587487,5715078,2465,1
0,Red Deer,568334,5715321,2834,1
0,Red Deer,596869,5721654,2012,4
0,Red Deer,577869,5710550,2825,1
0,Red Deer,578256,5730521,2368,1
0,Red Deer,571374,5698785,2443,1
0,Red Deer,567823,5694760,2620,1
0,Red Deer,580143,5737692,2600,0
0,Red Deer,569366,5701046,2189,4
0,Red Deer,591153,5727362,2260,1
0,Red Deer,593023,5712487,2054,4
0,Red Deer,570922,5710208,2220,5
0,Red Deer,584771,5720245,2320,1
0,Red Deer,580929,5736921,2783,0
0,Red Deer,573022,5717183,1875,4
0,Red Deer,568481,5701793,1959,1
0,Red Deer,586436,5723421,2006,4
0,Red Deer,584383,5725071,1707,4
0,Red Deer,564340,5710591,2125,4
0,Red Deer,580169,5708596,2236,3
0,Red Deer,573218,5702895,2573,1
0,Red Deer,564174,5717925,2738,1
0,Red Deer,563242,5720830,2816,1
0,Red Deer,566002,5704767,2227,3
0,Red Deer,579051,5709406,2564,1
0,Red Deer,566207,5716289,2697,1
0,Red Deer,599286,5716972,2313,1
0,Red Deer,587885,5719745,2168,4
0,Red Deer,562714,5722220,2802,1
0,Red Deer,582043,5724953,1744,4
0,Red Deer,600524,5717715,2269,0
0,Red Deer,567329,5720371,2369,1
0,Red Deer,564816,5713285,2818,1
0,Red Deer,566220,5700226,2222,3
0,Red Deer,587146,5721389,2134,3
0,Red Deer,577585,5721835,2191,3
0,Red Deer,568126,5706248,2223,3
0,Red Deer,588768,5712618,2032,4
0,Red Deer,573686,5738723,2532,1
0,Red Deer,564777,5706084,2360,1
0,Red Deer,584209,5730778,2664,1
0,Red Deer,567299,5693904,2331,4
0,Red Deer,576936,5705909,2858,3
0,Red Deer,588991,5715854,2217,4
0,Red Deer,599769,5718058,2407,1
0,Red Deer,567241,5698633,1741,3
0,Red Deer,587338,5734551,2212,0
0,Red Deer,581945,5711380,2413,7
0,Red Deer,577176,5725130,1866,4
0,Red Deer,577964,5740588,2563,0
0,Red Deer,595574,5723744,2902,1
0,Red Deer,562159,5719228,1958,1
0,Red Deer,598466,5720883,1753,0
0,Red Deer,570719,5734581,2364,4
0,Red Deer,585324,5734164,2813,0
0,Red Deer,572901,5720350,1955,4
0,Red Deer,573253,5713420,1971,4
0,Red Deer,588559,5713861,2358,1
0,Red Deer,589394,5709299,2171,3
0,Red Deer,585207,5714660,2157,4
0,Red Deer,597510,5723686,2472,0
0,Red Deer,588422,5729538,1943,0
0,Red Deer,582995,5728446,1937,5
0,Red Deer,561002,5696609,1726,4
0,Red Deer,559514,5701039,2214,4
0,Red Deer,572929,5731462,2352,3
0,Red Deer,584290,5728977,2450,3
0,Red Deer,598276,5726571,2254,0
0,Red Deer,564544,5698134,2347,1
0,Red Deer,574251,5714960,1979,4
0,Red Deer,576702,5703088,2649,1
0,Red Deer,581214,5712960,2778,1
0,Red Deer,587730,5716757,2343,1
0,Red Deer,562454,5717231,2901,1
0,Red Deer,583937,5727486,1932,5
0,Red Deer,577564,5730269,2342,1
0,Red Deer,567985,5719392,2222,4
0,Red Deer,576027,5711480,2298,3
0,Red Deer,568197,5708562,2666,1
0,Red Deer,575709,5731499,2325,3
0,Red Deer,565248,5725185,2804,1
0,Red Deer,585780,5720553,2363,3
0,Red Deer,563834,5706169,2254,3
0,Red Deer,579853,5734062,2251,3
0,Red Deer,562391,5719574,2133,3
0,Red Deer,563386,5724029,2543,1
0,Red Deer,600423,5717839,2343,0
0,Red Deer,562776,5696306,2055,4
0,Red Deer,585499,5735187,2507,0
0,Red Deer,558095,5715215,2007,3
0,Red Deer,584379,5716943,2348,3
0,Red Deer,589204,5716066,2161,4
0,Red Deer,571837,5710257,2495,1
0,Red Deer,570396,5701953,2362,1
0,Red Deer,568673,5711517,2137,4
0,Red Deer,569029,5699312,2276,1
0,Red Deer,598212,5718745,2086,3
0,Red Deer,574056,5723040,1858,4
0,Red Deer,574210,5714986,1967,4
0,Red Deer,576914,5701552,2429,3
0,Red Deer,588349,5733635,2214,0
0,Red Deer,578651,5729682,2340,1
0,Red Deer,580423,5705547,2553,1
0,Red Deer,564209,5700158,2452,1
0,Red Deer,573198,5713951,1919,4
0,Red Deer,572433,5700285,2729,1
0,Red Deer,598990,5720660,1771,0
0,Red Deer,561966,5710321,2369,1
0,Red Deer,565980,5709443,2203,4
0,Red Deer,581141,5731481,2080,5
0,Red Deer,573589,5701694,2658,1
0,Red Deer,598872,5724816,2170,0
0,Red Deer,588090,5715096,2523,1
0,Red Deer,575095,5702788,2076,4
0,Red Deer,560294,5704759,2481,1
0,Red Deer,595767,5727204,2116,0
0,Red Deer,595782,5715976,1974,4
0,Red Deer,568890,5710153,2082,4
0,Red Deer,564058,5718699,2264,1
0,Red Deer,584495,5710109,2153,4
0,Red Deer,561387,5719495,1925,3
0,Red Deer,579080,5710815,2610,1
0,Red Deer,576225,5736992,2173,0
0,Red Deer,572172,5735798,2146,4
0,Red Deer,565571,5703443,2434,1
0,Red Deer,574043,5722058,1840,4
0,Red Deer,592497,5725589,2106,3
0,Red Deer,560409,5719633,1983,3
0,Red Deer,596722,5720292,2069,3
0,Red Deer,578354,5733313,2533,1
0,Red Deer,574098,5724149,1905,4
0,Red Deer,574659,5706683,1945,4
0,Red Deer,579241,5730000,2550,1
0,Red Deer,585435,5706004,2183,4
0,Red Deer,572132,5729617,2892,1
0,Red Deer,582552,5715474,2357,1
0,Red Deer,560880,5706857,2368,1
0,Red Deer,590242,5730924,1687,0
0,Red Deer,567865,5720665,2476,1
0,Red Deer,588189,5720306,2101,3
0,Red Deer,562187,5712160,1991,3
0,Red Deer,602701,5720765,1686,0
0,Red Deer,569574,5717199,2321,1
0,Red Deer,574648,5739644,2224,0
0,Red Deer,575715,5708476,2490,1
0,Red Deer,564556,5696903,2207,4
0,Red Deer,590733,5723060,2732,1
0,Red Deer,571916,5734011,2372,1
0,Red Deer,572204,5697898,2699,1
0,Red Deer,571455,5696110,2483,1
0,Red Deer,571563,5718709,2141,3
0,Red Deer,567342,5718789,2555,1
0,Red Deer,579177,5716580,2458,1
0,Red Deer,561796,5719026,2123,1
0,Red Deer,571965,5726987,2433,1
0,Red Deer,580085,5720858,2077,3
0,Red Deer,563758,5703887,2346,3
0,Red Deer,569161,5703742,2170,1
0,Red Deer,577117,5738426,2166,0
0,Red Deer,579865,5728314,2646,1
0,Red Deer,561090,5705002,2898,1
0,Red Deer,592805,5732121,1746,0
0,Red Deer,589732,5726796,1751,4
0,Red Deer,578190,5701019,2746,1
0,Red Deer,592400,5726293,2358,1
0,Red Deer,569522,5720671,2537,1
0,Red Deer,567050,5716997,2680,1
0,Red Deer,567596,5727803,2388,3
0,Red Deer,573142,5699739,2767,1
0,Red Deer,595829,5716849,2089,5
0,Red Deer,571549,5717058,2135,4
0,Red Deer,588665,5712015,2100,3
0,Red Deer,569586,5703701,2221,4
0,Red Deer,601904,5719182,2011,0
0,Red Deer,565839,5715041,2573,1
0,Red Deer,567965,5716841,2564,1
0,Red Deer,584056,5738889,2233,0
0,Red Deer,564922,5701532,2256,1
0,Red Deer,588235,5711623,2220,3
0,Red Deer,584871,5734341,2502,0
0,Red Deer,558928,5706692,2346,1
0,Red Deer,565153,5696691,1929,4
0,Red Deer,574220,5712358,2273,3
0,Red Deer,592256,5712983,2267,3
0,Red Deer,576482,5735136,2507,0
0,Red Deer,574020,5727143,2462,1
0,Red Deer,599910,5722833,1967,0
0,Red Deer,562243,5722059,2772,1
0,Red Deer,562466,5719904,2340,1
0,Red Deer,579340,5718165,2624,1
0,Red Deer,577612,5704190,2576,1
0,Red Deer,571948,5726094,2007,4
0,Red Deer,587579,5719331,2236,3
0,Red Deer,569493,5718388,2117,4
0,Red Deer,574565,5710531,2200,3
0,Red Deer,581379,5720662,2404,3
0,Red Deer,565654,5706682,2709,1
0,Red Deer,597564,5719456,1774,4
0,Red Deer,581976,5739856,2421,0
0,Red Deer,571077,5727881,2346,3
0,Red Deer,589409,5721789,2294,3
0,Red Deer,579623,5731006,2314,3
0,Red Deer,571652,5697178,2229,3
0,Red Deer,571539,5727845,2443,3
0,Red Deer,587145,5737765,2060,0
0,Red Deer,586675,5717585,2633,1
0,Red Deer,585647,5713093,2029,4
0,Red Deer,578009,5730826,2447,1
0,Red Deer,561878,5716613,2406,1
0,Red Deer,564179,5712502,2519,1
0,Red Deer,557985,5713450,1858,1
0,Red Deer,564801,5694792,1795,4
0,Red Deer,569998,5711097,1995,4
0,Red Deer,581999,5724399,1744,4
0,Red Deer,570990,5701626,2467,1
0,Red Deer,582634,5739139,2442,0
0,Red Deer,581763,5732098,2281,3
0,Red Deer,592205,5722719,2765,1
0,Red Deer,561368,5695440,1646,4
0,Red Deer,582371,5725207,1777,4
0,Red Deer,567111,5694725,2273,4
0,Red Deer,581290,5705335,2254,3
0,Red Deer,582416,5716932,2323,3
0,Red Deer,580011,5702462,2576,1
0,Red Deer,593066,5711906,2162,4
0,Red Deer,567766,5703188,2311,1
0,Red Deer,581317,5727579,2175,3
0,Red Deer,572905,5734129,2632,1
0,Red Deer,599759,5717657,2175,3
0,Red Deer,573656,5734022,2406,1
0,Red Deer,593501,5716374,1838,5
0,Red Deer,568499,5715272,2869,1
0,Red Deer,558518,5716806,2113,1
0,Red Deer,568583,5701931,1949,1
0,Red Deer,589366,5733356,2322,0
0,Red Deer,573250,5700572,2840,1
0,Red Deer,571371,5713764,1919,4
0,Red Deer,566322,5707910,2403,1
0,Red Deer,602890,5720001,1667,0
0,Red Deer,579735,5721638,2105,3
0,Red Deer,568506,5699388,1990,1
0,Red Deer,581298,5732166,2126,3
0,Red Deer,591549,5715947,1996,3
0,Red Deer,558103,5704778,2285,1
0,Red Deer,581302,5735164,2704,1
0,Red Deer,564943,5713173,2804,1
0,Red Deer,596692,5723138,2392,0
0,Red Deer,589338,5723992,2686,1
0,Red Deer,579680,5723451,1858,4
0,Red Deer,576900,5726387,1949,4
0,Red Deer,579797,5728737,2682,1
0,Red Deer,569486,5698899,2654,1
0,Red Deer,556158,5706182,1752,3
0,Red Deer,570702,5727833,2278,3
0,Red Deer,561880,5709124,2683,1
0,Red Deer,602341,5721348,1716,0
0,Red Deer,564912,5723974,2632,1
0,Red Deer,587897,5736637,2224,0
0,Red Deer,580091,5720680,2113,3
0,Red Deer,561866,5713067,1924,4
0,Red Deer,575480,5702364,2168,4
0,Red Deer,571713,5701858,2393,1
0,Red Deer,565249,5726990,2867,1
0,Red Deer,564436,5696223,2172,1
0,Red Deer,583435,5710707,2324,3
0,Red Deer,581012,5727631,2255,3
0,Red Deer,579654,5717845,2716,1
0,Red Deer,584687,5734460,2462,0
0,Red Deer,559884,5699780,1962,4
0,Red Deer,579428,5726353,1955,4
0,Red Deer,574461,5727790,2515,3
0,Red Deer,569392,5704904,2263,1
0,Red Deer,559562,5700222,1982,4
0,Red Deer,570841,5696916,2425,1
0,Red Deer,583632,5715883,2191,4
0,Red Deer,561140,5714206,2106,4
0,Red Deer,581490,5737373,2642,0
0,Red Deer,565303,5709822,2288,4
0,Red Deer,582221,5734511,2576,0
0,Red Deer,587966,5710602,1877,5
0,Red Deer,584195,5728048,2111,5
0,Red Deer,571117,5732984,2638,1
0,Red Deer,566867,5695611,2186,3
0,Red Deer,583730,5708098,2239,1
0,Red Deer,562761,5704970,2935,1
0,Red Deer,577953,5722267,2197,4
0,Red Deer,587693,5715004,2588,1
0,Red Deer,579306,5712009,2568,3
0,Red Deer,579542,5718587,2501,1
0,Red Deer,570322,5735101,2401,1
0,Red Deer,592518,5727937,2383,0
0,Red Deer,580513,5722214,2233,3
0,Red Deer,569333,5716918,2629,1
0,Red Deer,565253,5718072,2963,1
0,Red Deer,591186,5728478,1828,0
0,Red Deer,567588,5712831,2063,4
0,Red Deer,580656,5734854,2446,3
0,Red Deer,593888,5717143,1911,5
0,Red Deer,591443,5725805,2000,4
0,Red Deer,568625,5717929,2227,1
0,Red Deer,578883,5707184,2540,1
0,Red Deer,577078,5737897,2102,0
0,Red Deer,558614,5715637,2178,1
0,Red Deer,564840,5719038,2305,1
0,Red Deer,590516,5728940,1795,0
0,Red Deer,564698,5694801,1844,4
0,Red Deer,558495,5718249,2416,1
0,Red Deer,581336,5737211,2715,0
0,Red Deer,573842,5741098,1990,0
0,Red Deer,575051,5730264,2186,3
0,Red Deer,582104,5740415,2316,0
0,Red Deer,579023,5737367,2185,0
0,Red Deer,581352,5731635,2081,3
0,Red Deer,585240,5719475,2496,1
0,Red Deer,590069,5718973,2237,4
0,Red Deer,577889,5703864,2610,1
0,Red Deer,584534,5729839,2557,3
0,Red Deer,576092,5730610,2103,3
0,Red Deer,579974,5724427,1782,4
0,Red Deer,568512,5718411,2249,1
0,Red Deer,564684,5726570,2895,1
0,Red Deer,560762,5709935,2226,4
0,Red Deer,577511,5712326,2821,1
0,Red Deer,600023,5723022,1982,0
0,Red Deer,588293,5730000,1935,0
0,Red Deer,559890,5720959,2090,4
0,Red Deer,577738,5724766,1801,3
0,Red Deer,560261,5703790,2338,1
0,Red Deer,557867,5704261,2450,1
0,Red Deer,582828,5730389,2145,5
0,Red Deer,576477,5719405,2322,1
0,Red Deer,592407,5731097,1675,0
0,Red Deer,584517,5705636,2275,3
0,Red Deer,570833,5725067,2316,3
0,Red Deer,575568,5728006,2323,3
0,Red Deer,574825,5727379,2267,3
0,Red Deer,578884,5735680,2309,0
0,Red Deer,598735,5722573,2071,0
0,Red Deer,573757,5727021,2353,1
0,Red Deer,565837,5692490,1713,4
0,Red Deer,574423,5716480,2005,3
0,Red Deer,590970,5728355,1866,0
0,Red Deer,577782,5739539,2605,0
0,Red Deer,585918,5715715,2457,3
0,Red Deer,560129,5715589,1860,4
0,Red Deer,577654,5710485,2748,1
0,Red Deer,584811,5706408,2240,3
0,Red Deer,568724,5729812,2294,3
0,Red Deer,569932,5718046,2096,4
0,Red Deer,585017,5712801,2177,4
0,Red Deer,585398,5738749,2315,0
0,Red Deer,600382,5718070,2341,0
0,Red Deer,576694,5710495,2258,3
0,Red Deer,574824,5723214,1857,3
0,Red Deer,572472,5705126,2687,1
0,Red Deer,582714,5739437,2445,0
0,Red Deer,586263,5738015,2194,0
0,Red Deer,592842,5724376,2371,1
0,Red Deer,601606,5718443,1884,0
0,Red Deer,586366,5711462,2078,3
0,Red Deer,596901,5719943,2026,3
0,Red Deer,578801,5733723,2753,1
0,Red Deer,567665,5709314,2394,1
0,Red Deer,574555,5740316,2139,0
0,Red Deer,591812,5729471,1670,0
0,Red Deer,571260,5714972,2246,1
0,Red Deer,561972,5721797,2569,1
0,Red Deer,560256,5704231,2309,1
0,Red Deer,586279,5734799,2507,0
0,Red Deer,574516,5714526,2056,4
0,Red Deer,558776,5713317,1797,3
0,Red Deer,577040,5715807,2262,5
0,Red Deer,602343,5721666,1787,0
0,Red Deer,581203,5719174,2231,3
0,Red Deer,569814,5713577,2425,1
0,Red Deer,592480,5729622,1657,0
0,Red Deer,573968,5739239,2647,0
0,Red Deer,591053,5731186,1649,0
0,Red Deer,567841,5712551,2141,4
0,Red Deer,580463,5708085,2186,3
0,Red Deer,598434,5720437,1820,0
0,Red Deer,568282,5724183,2231,1
0,Red Deer,576101,5724689,1860,4
0,Red Deer,558481,5707972,1932,3
0,Red Deer,571925,5712386,1984,3
0,Red Deer,588031,5732704,2337,0
0,Red Deer,590011,5715281,2007,4
0,Red Deer,575386,5727162,2170,3
0,Red Deer,596927,5723190,2540,0
0,Red Deer,581905,5737542,2750,0
0,Red Deer,566771,5730871,2467,1
0,Red Deer,599845,5721214,1689,0
0,Red Deer,563393,5709223,2106,3
0,Red Deer,583187,5733653,2352,0
0,Red Deer,559557,5715347,1918,4
0,Red Deer,589016,5731571,1966,0
0,Red Deer,581276,5714872,2509,1
0,Red Deer,580048,5707450,2276,3
0,Red Deer,574948,5712003,2155,4
0,Red Deer,580941,5716079,2519,1
0,Red Deer,590390,5716580,2213,3
0,Red Deer,574367,5722344,1829,4
0,Red Deer,581708,5706958,2196,4
0,Red Deer,577826,5719144,2571,1
0,Red Deer,558456,5707347,2054,1
0,Red Deer,570010,5711818,1993,3
0,Red Deer,596221,5725598,2410,0
0,Red Deer,582568,5716571,2317,3
0,Red Deer,566660,5724737,2344,4
0,Red Deer,568862,5719787,2314,4
0,Red Deer,557184,5703683,2111,4
0,Red Deer,586191,5733953,2709,0
0,Red Deer,598868,5718379,2510,1
0,Red Deer,582693,5736624,2430,0
0,Red Deer,577468,5736829,2240,0
0,Red Deer,577124,5719511,2644,1
0,Red Deer,569348,5700912,2158,4
0,Red Deer,598301,5716415,2383,3
0,Red Deer,603399,5720634,1770,0
0,Red Deer,565786,5706130,2689,1
0,Red Deer,564925,5702316,2277,1
0,Red Deer,559129,5702745,2343,1
0,Red Deer,559902,5713259,1849,3
0,Red Deer,570282,5715110,2490,1
0,Red Deer,594199,5721837,2093,4
0,Red Deer,580849,5727124,2460,1
0,Red Deer,561460,5717350,2456,1
0,Red Deer,594931,5719906,1891,4
0,Red Deer,602934,5719012,1903,0
0,Red Deer,591908,5725067,2313,1
0,Red Deer,566733,5696514,2042,3
0,Red Deer,579621,5725092,1771,4
0,Red Deer,567484,5709810,2148,4
0,Red Deer,562666,5702758,2165,4
0,Red Deer,578242,5701247,2734,1
0,Red Deer,561045,5720415,2281,3
0,Red Deer,561634,5721142,2507,1
0,Red Deer,564482,5715162,2779,1
0,Red Deer,576748,5713606,2566,1
0,Red Deer,580778,5734513,2419,3
0,Red Deer,576182,5706921,2510,3
0,Red Deer,588091,5712124,2442,3
0,Red Deer,565201,5728624,2778,1
0,Red Deer,577679,5725533,1867,4
0,Red Deer,588844,5716648,2188,4
0,Red Deer,571732,5735674,2355,1
0,Red Deer,582636,5713788,2514,1
0,Red Deer,570054,5716423,2395,1
0,Red Deer,566853,5719368,2334,1
0,Red Deer,588622,5727281,1661,3
0,Red Deer,602646,5720218,1655,0
0,Red Deer,568820,5710257,2082,4
0,Red Deer,591495,5722334,2724,1
0,Red Deer,576223,5740577,2484,0
0,Red Deer,569235,5717156,2660,1
0,Red Deer,584142,5713543,2274,3
0,Red Deer,576527,5723219,1829,4
0,Red Deer,572933,5696873,2389,1
0,Red Deer,590129,5727093,1793,4
0,Red Deer,561352,5695829,1686,4
0,Red Deer,574305,5701900,2141,1
0,Red Deer,572631,5738269,2227,1
0,Red Deer,577844,5713421,2533,1
0,Red Deer,584382,5726761,1904,5
0,Red Deer,558709,5713127,1795,3
0,Red Deer,578760,5707002,2566,1
0,Red Deer,589185,5729947,1748,0
0,Red Deer,564556,5705527,2508,1
0,Red Deer,580927,5703851,2468,1
0,Red Deer,569959,5718115,2073,4
0,Red Deer,590551,5709891,2549,1
0,Red Deer,558926,5705965,2231,1
0,Red Deer,575646,5721109,2169,3
0,Red Deer,589858,5731348,1740,0
0,Red Deer,575327,5702259,2142,4
0,Red Deer,592285,5722143,2818,1
0,Red Deer,576428,5722117,2196,1
0,Red Deer,576873,5700705,2477,1
0,Red Deer,575904,5703139,2411,3
0,Red Deer,563336,5695623,2014,4
0,Red Deer,578289,5703402,2481,1
0,Red Deer,602240,5720393,1678,0
0,Red Deer,590018,5724193,2590,1
0,Red Deer,563723,5698957,2414,1
0,Red Deer,586135,5732678,2326,0
0,Red Deer,570581,5732078,2716,1
0,Red Deer,595604,5723667,2877,1
0,Red Deer,574735,5706139,1997,4
0,Red Deer,600909,5723148,1891,0
0,Red Deer,561285,5721309,2479,1
0,Red Deer,594080,5728965,1856,0
0,Red Deer,581550,5724543,1740,4
0,Red Deer,559831,5701038,2238,1
0,Red Deer,582746,5704102,2473,1
0,Red Deer,577057,5713727,2601,1
0,Red Deer,574945,5721329,1888,3
0,Red Deer,572955,5717867,1878,4
0,Red Deer,575537,5720684,2030,4
0,Red Deer,574764,5732809,2398,3
0,Red Deer,566032,5708593,2168,3
0,Red Deer,595286,5728797,1798,0
0,Red Deer,565959,5707300,2809,1
0,Red Deer,566405,5727729,2566,1
0,Red Deer,585221,5726423,1861,5
0,Red Deer,576624,5712346,2420,1
0,Red Deer,576930,5706292,2713,1
0,Red Deer,566490,5704742,2225,3
0,Red Deer,576694,5738321,2147,0
0,Red Deer,582374,5733538,2684,0
0,Red Deer,579935,5705367,2522,1
0,Red Deer,575847,5712645,2373,1
0,Red Deer,575971,5728386,2353,3
0,Red Deer,560275,5700722,2277,4
0,Red Deer,595048,5725600,2483,0
0,Red Deer,561946,5712752,1923,4
0,Red Deer,558029,5717239,2205,3
0,Red Deer,573051,5717514,1875,4
0,Red Deer,565024,5697358,2060,4
0,Red Deer,565480,5709825,2249,4
0,Red Deer,581092,5729007,2286,3
0,Red Deer,575361,5736036,2339,0
0,Red Deer,566423,5702396,2358,1
0,Red Deer,596720,5726033,2279,0
0,Red Deer,563135,5717898,2544,1
0,Red Deer,572754,5713393,1920,4
0,Red Deer,568441,5710910,2053,4
0,Red Deer,578540,5703064,2332,1
0,Red Deer,589447,5710401,2135,3
0,Red Deer,559666,5715772,1908,4
0,Red Deer,571691,5729845,2854,1
0,Red Deer,574001,5699183,2758,1
0,Red Deer,593055,5724792,2187,1
0,Red Deer,578667,5709830,2855,1
0,Red Deer,572149,5711774,2043,4
0,Red Deer,564845,5703301,2442,1
0,Red Deer,587603,5722463,2138,4
0,Red Deer,573340,5719191,1836,4
0,Red Deer,564494,5704693,2372,1
0,Red Deer,557791,5715528,2086,1
0,Red Deer,582651,5716984,2295,3
0,Red Deer,588253,5715195,2468,1
0,Red Deer,559355,5707377,2597,1
0,Red Deer,575852,5719751,2217,3
0,Red Deer,575908,5706137,2238,3
0,Red Deer,601365,5720056,1841,0
0,Red Deer,593688,5723712,2553,1
0,Red Deer,582549,5711251,2469,1
0,Red Deer,585461,5706220,2166,4
0,Red Deer,574597,5703022,2074,3
0,Red Deer,590577,5712263,2441,1
0,Red Deer,581872,5733601,2679,1
0,Red Deer,590278,5723587,2677,1
0,Red Deer,579789,5707501,2356,3
0,Red Deer,558585,5716384,2285,1
0,Red Deer,579275,5718702,2430,1
0,Red Deer,572989,5704616,2682,1
0,Red Deer,593246,5713975,1936,4
0,Red Deer,560156,5712162,2040,4
0,Red Deer,577617,5703749,2840,1
0,Red Deer,575282,5724345,1823,4
0,Red Deer,586528,5728083,2400,1
0,Red Deer,558724,5710933,1782,4
0,Red Deer,562341,5722025,2708,1
0,Red Deer,580363,5705440,2505,1
0,Red Deer,571799,5736272,2176,4
0,Red Deer,590901,5720970,2522,1
0,Red Deer,564833,5696316,2006,4
0,Red Deer,573787,5704100,2379,1
0,Red Deer,588070,5710389,1885,5
0,Red Deer,590706,5721708,2612,1
0,Red Deer,571968,5738552,2114,4
0,Red Deer,563568,5703516,2351,1
0,Red Deer,562790,5718034,2459,1
0,Red Deer,593634,5729633,1688,0
0,Red Deer,563198,5725054,2521,1
0,Red Deer,574653,5706861,1938,4
0,Red Deer,586536,5720676,2211,4
0,Red Deer,574883,5732150,2285,3
0,Red Deer,568846,5697332,2038,3
0,Red Deer,586747,5730942,2403,0
0,Red Deer,581064,5711018,2620,1
0,Red Deer,563372,5693881,1705,4
0,Red Deer,582035,5715110,2268,3
0,Red Deer,581016,5734941,2529,1
0,Red Deer,583732,5718324,2581,3
0,Red Deer,582546,5717139,2291,3
0,Red Deer,569709,5732525,2410,1
0,Red Deer,590587,5730380,1653,0
0,Red Deer,574335,5728367,2411,1
0,Red Deer,558906,5703822,2212,3
0,Red Deer,599086,5726367,2273,0
0,Red Deer,564167,5693454,1770,4
0,Red Deer,558820,5715766,2165,4
0,Red Deer,580804,5714915,2671,1
0,Red Deer,578639,5724649,1795,4
0,Red Deer,566829,5714080,2342,1
0,Red Deer,592952,5731531,1720,0
0,Red Deer,558478,5715812,2241,1
0,Red Deer,571223,5709984,2293,1
0,Red Deer,581337,5720631,2375,3
0,Red Deer,578393,5709249,2867,1
0,Red Deer,573055,5726311,1999,4
0,Red Deer,576347,5735573,2638,0
0,Red Deer,586371,5715742,2467,1
0,Red Deer,586854,5709690,1936,4
0,Red Deer,574810,5717919,1902,4
0,Red Deer,591388,5725462,1957,4
0,Red Deer,566712,5728200,2612,1
0,Red Deer,592230,5711485,2214,4
0,Red Deer,559191,5715234,1967,4
0,Red Deer,583149,5710280,2290,1
0,Red Deer,567521,5719314,2245,7
0,Red Deer,562090,5702753,2274,3
0,Red Deer,566094,5707476,2664,1
0,Red Deer,574323,5733037,2340,3
0,Red Deer,581049,5728306,2363,3
0,Red Deer,598134,5725235,2167,0
0,Red Deer,593620,5729933,1646,0
0,Red Deer,561876,5709417,2670,1
0,Red Deer,578298,5724287,1827,4
0,Red Deer,565613,5701318,2195,3
0,Red Deer,559836,5714205,1837,3
0,Red Deer,574412,5716691,1969,4
0,Red Deer,571247,5701927,2336,1
0,Red Deer,593807,5728442,2128,0
0,Red Deer,587545,5711020,1900,4
0,Red Deer,591946,5725130,2313,1
0,Red Deer,577741,5730067,2358,1
0,Red Deer,558781,5699270,1683,4
0,Red Deer,573041,5727893,2739,1
0,Red Deer,579536,5714454,2140,3
0,Red Deer,558895,5711783,1794,3
0,Red Deer,597387,5718784,1813,4
0,Red Deer,562678,5697623,2611,1
0,Red Deer,575002,5701712,2224,1
0,Red Deer,575128,5718792,1938,4
0,Red Deer,593509,5723391,2394,1
0,Red Deer,570445,5709613,2303,1
0,Red Deer,568137,5727861,2541,1
0,Red Deer,586707,5733998,2438,0
0,Red Deer,564129,5697500,2341,1
0,Red Deer,572486,5734604,2380,3
0,Red Deer,582159,5726334,1887,4
0,Red Deer,599527,5726140,2115,0
0,Red Deer,566872,5724075,2246,1
0,Red Deer,578146,5719054,2394,1
0,Red Deer,575335,5739928,2135,0
0,Red Deer,586860,5709307,2019,3
0,Red Deer,584106,5712720,2341,1
0,Red Deer,578553,5708563,2629,1
0,Red Deer,575656,5716585,2162,4
0,Red Deer,560673,5717043,1941,3
0,Red Deer,563716,5702778,2610,1
0,Red Deer,569881,5728247,2147,4
0,Red Deer,568813,5720139,2385,3
0,Red Deer,568352,5725361,2290,4
0,Red Deer,589929,5724629,2311,1
0,Red Deer,571923,5696157,2461,1
0,Red Deer,565972,5717111,2771,1
0,Red Deer,575851,5706553,2252,3
0,Red Deer,575945,5721701,2470,1
0,Red Deer,575641,5714672,2482,1
0,Red Deer,579310,5715212,2205,3
0,Red Deer,575846,5715414,2479,1
0,Red Deer,565866,5695852,1709,4
0,Red Deer,578947,5722556,2045,3
0,Red Deer,579027,5706013,2764,1
0,Red Deer,604471,5720960,1947,0
0,Red Deer,560406,5717158,1869,4
0,Red Deer,591746,5711624,2404,1
0,Red Deer,572231,5713469,1945,3
0,Red Deer,578890,5728363,2425,1
0,Red Deer,586050,5733491,2432,0
0,Red Deer,570396,5725467,2218,1
0,Red Deer,589898,5709294,2232,3
0,Red Deer,586898,5735914,2227,0
0,Red Deer,586949,5729412,2747,1
0,Red Deer,563059,5694258,1708,4
0,Red Deer,574822,5710219,2334,1
0,Red Deer,562325,5694850,1704,4
0,Red Deer,570715,5730971,2642,1
0,Red Deer,572725,5731594,2438,3
0,Red Deer,585352,5721297,2276,3
0,Red Deer,588081,5727893,1940,4
0,Red Deer,565109,5694185,1707,4
0,Red Deer,558521,5718873,2323,3
0,Red Deer,583250,5737779,2875,0
0,Red Deer,565651,5697738,1798,4
0,Red Deer,569763,5711249,1983,4
0,Red Deer,591406,5730725,1633,0
0,Red Deer,564758,5722530,2659,1
0,Red Deer,561830,5694325,1606,4
0,Red Deer,562338,5724270,2853,1
0,Red Deer,594324,5723563,2430,1
0,Red Deer,562101,5708602,2374,1
0,Red Deer,598596,5720682,1742,0
0,Red Deer,580405,5730471,2346,3
0,Red Deer,574624,5712125,2272,4
0,Red Deer,571462,5716473,2362,1
0,Red Deer,580507,5704065,2379,3
0,Red Deer,578374,5708912,2841,1
0,Red Deer,575210,5716175,2105,3
0,Red Deer,597999,5717659,1999,5
0,Red Deer,567735,5694991,2655,1
0,Red Deer,591953,5726495,2411,1
0,Red Deer,590933,5733071,2096,0
0,Red Deer,567585,5696749,2465,1
0,Red Deer,560974,5718306,2161,3
0,Red Deer,579782,5729388,2573,1
0,Red Deer,578175,5703009,2561,1
0,Red Deer,560133,5705184,2703,1
0,Red Deer,569383,5715953,2681,1
0,Red Deer,577513,5701806,2545,1
0,Red Deer,600989,5722572,1858,0
0,Red Deer,569869,5733121,2548,1
0,Red Deer,587662,5726213,1666,3
0,Red Deer,587877,5735368,2260,0
0,Red Deer,587746,5735773,2364,0
0,Red Deer,569122,5730166,2203,3
0,Red Deer,558070,5705353,2157,3
0,Red Deer,565504,5695707,1708,4
0,Red Deer,564480,5717669,2942,1
0,Red Deer,587924,5713397,2228,3
0,Red Deer,569791,5726004,2015,4
0,Red Deer,576567,5730681,2112,3
0,Red Deer,593299,5718777,2178,3
0,Red Deer,568545,5705977,2297,3
0,Red Deer,575695,5708081,2399,1
0,Red Deer,563144,5719990,2681,1
0,Red Deer,560353,5719902,2040,3
0,Red Deer,573854,5697822,2611,1
0,Red Deer,574288,5740227,2168,0
0,Red Deer,576166,5731290,2345,3
0,Red Deer,578763,5720519,2260,4
0,Red Deer,583847,5716618,2155,4
0,Red Deer,575158,5718103,1986,4
0,Red Deer,572609,5713633,1900,3
0,Red Deer,562142,5715714,2659,1
0,Red Deer,582974,5723273,2076,1
0,Red Deer,579271,5719812,2229,3
0,Red Deer,589636,5719137,2302,3
0,Red Deer,573219,5721076,1910,4
0,Red Deer,567432,5717536,2676,1
0,Red Deer,591942,5731835,1715,0
0,Red Deer,599752,5720400,1808,0
0,Red Deer,565390,5725705,2703,1
0,Red Deer,568402,5732817,2582,1
0,Red Deer,579429,5716038,2705,1
0,Red Deer,573284,5714274,1909,4
0,Red Deer,595634,5726008,2111,0
0,Red Deer,579253,5701613,2577,1
0,Red Deer,589792,5727981,1660,3
0,Red Deer,576096,5735502,2740,0
0,Red Deer,585569,5739396,2301,0
0,Red Deer,565473,5697679,1881,4
0,Red Deer,559332,5712462,1827,3
0,Red Deer,583264,5716995,2188,4
0,Red Deer,586671,5724960,1796,4
0,Red Deer,602220,5723232,1989,0
0,Red Deer,592052,5730365,1627,0
0,Red Deer,566871,5708720,2172,3
0,Red Deer,568408,5696392,1887,3
0,Red Deer,563872,5717217,2797,1
0,Red Deer,573036,5697943,2605,1
0,Red Deer,557823,5713001,1864,1
0,Red Deer,570153,5709977,2382,1
0,Red Deer,581009,5708984,2189,5
0,Red Deer,594413,5717998,2159,4
0,Red Deer,575494,5733590,2720,1
0,Red Deer,561055,5713066,1976,3
0,Red Deer,570389,5720867,2511,1
0,Red Deer,557163,5709961,1895,4
0,Red Deer,569874,5730117,2399,3
0,Red Deer,582555,5713841,2501,3
0,Red Deer,570478,5713351,2103,1
0,Red Deer,589174,5735957,2232,0
0,Red Deer,574306,5729318,2393,3
0,Red Deer,578333,5702674,2464,1
0,Red Deer,572129,5714409,1890,4
0,Red Deer,561887,5710285,2454,1
0,Red Deer,585480,5735666,2414,0
0,Red Deer,560312,5702271,2327,1
0,Red Deer,593646,5717416,1972,4
0,Red Deer,567248,5694607,2287,4
0,Red Deer,564497,5703526,2397,1
0,Red Deer,589407,5709407,2241,3
0,Red Deer,584454,5718294,2229,4
0,Red Deer,582889,5729883,2261,3
0,Red Deer,565804,5726078,2675,1
0,Red Deer,574862,5702589,2094,4
0,Red Deer,588332,5711793,2193,3
0,Red Deer,566413,5707385,2444,1
0,Red Deer,589024,5709014,2003,4
0,Red Deer,593872,5720971,2189,3
0,Red Deer,580157,5718452,2435,1
0,Red Deer,558709,5712253,1789,4
0,Red Deer,596293,5721240,2262,3
0,Red Deer,558058,5703759,2165,1
0,Red Deer,565495,5695771,1708,4
0,Red Deer,569749,5735268,2690,1
0,Red Deer,574991,5732517,2387,3
0,Red Deer,571906,5706862,2844,1
0,Red Deer,599996,5721670,1745,0
0,Red Deer,573613,5739381,2723,1
0,Red Deer,587218,5721808,2102,4
0,Red Deer,574463,5737142,2587,0
0,Red Deer,564508,5718408,2506,1
0,Red Deer,582160,5727004,2138,5
0,Red Deer,577001,5712714,2434,1
0,Red Deer,565175,5692831,1700,4
0,Red Deer,589696,5730025,1697,0
0,Red Deer,571887,5723104,2480,1
0,Red Deer,580978,5710899,2618,1
0,Red Deer,577232,5723783,1824,4
0,Red Deer,568652,5715173,2876,1
0,Red Deer,569215,5718247,2134,4
0,Red Deer,571707,5697725,2336,4
0,Red Deer,577265,5728598,2144,3
0,Red Deer,570299,5704609,2478,1
0,Red Deer,567968,5717160,2544,1
0,Red Deer,570754,5719641,2598,1
0,Red Deer,586797,5731725,2722,0
0,Red Deer,575574,5723107,1838,3
0,Red Deer,584922,5724605,1743,4
0,Red Deer,597230,5717894,1931,4
0,Red Deer,568521,5698067,2027,3
0,Red Deer,578144,5707954,2810,1
0,Red Deer,595313,5715464,1976,4
0,Red Deer,573928,5716422,1905,3
0,Red Deer,583521,5709544,2049,4
0,Red Deer,574701,5713590,2202,4
0,Red Deer,586908,5735033,2352,0
0,Red Deer,560956,5711761,2250,4
0,Red Deer,571916,5698434,2620,1
0,Red Deer,584673,5728700,2527,3
0,Red Deer,592107,5713925,1940,4
0,Red Deer,589274,5730181,1741,0
0,Red Deer,574764,5704109,2045,4
0,Red Deer,567879,5709584,2279,1
0,Red Deer,594249,5729293,1767,0
0,Red Deer,558715,5701498,2078,1
0,Red Deer,566704,5727652,2411,1
0,Red Deer,574305,5701230,2409,1
0,Red Deer,562744,5693239,1610,4
0,Red Deer,591473,5713665,1935,4
0,Red Deer,565554,5719800,2686,1
0,Red Deer,570739,5714901,2533,1
0,Red Deer,559121,5710151,1908,3
0,Red Deer,593507,5714039,1975,4
0,Red Deer,560174,5708800,2324,1
0,Red Deer,591067,5721183,2669,1
0,Red Deer,593043,5730132,1618,0
0,Red Deer,578284,5720888,2496,1
0,Red Deer,573607,5712812,2069,3
0,Red Deer,570376,5735853,2487,1
0,Red Deer,569026,5719681,2341,3
0,Red Deer,583540,5707114,2623,1
0,Red Deer,582652,5705795,2098,3
0,Red Deer,590170,5729427,1664,0
0,Red Deer,583528,5720408,2359,1
0,Red Deer,585236,5738709,2341,0
0,Red Deer,591842,5731142,1644,0
0,Red Deer,583145,5732544,2657,1
0,Red Deer,580633,5732596,2146,4
0,Red Deer,566418,5713413,2573,1
